TRAIN, 0, 1.123149
TRAIN, 0, 0.964751
VAL, 0, 1.034829
VAL, 0, 0.915474
TRAIN, 1, 1.040379
TRAIN, 1, 0.879255
VAL, 1, 0.937697
VAL, 1, 0.815444
TRAIN, 2, 0.864185
TRAIN, 2, 0.721663
VAL, 2, 0.561917
VAL, 2, 0.499849
TRAIN, 3, 0.374323
TRAIN, 3, 0.317814
VAL, 3, 0.284219
VAL, 3, 0.270466
TRAIN, 4, 0.245029
TRAIN, 4, 0.210878
VAL, 4, 0.244852
VAL, 4, 0.235591
TRAIN, 5, 0.214416
TRAIN, 5, 0.196507
VAL, 5, 0.204433
VAL, 5, 0.213443
TRAIN, 6, 0.181480
TRAIN, 6, 0.174615
VAL, 6, 0.188161
VAL, 6, 0.204020
TRAIN, 7, 0.172689
TRAIN, 7, 0.172553
VAL, 7, 0.179491
VAL, 7, 0.198290
TRAIN, 8, 0.166352
TRAIN, 8, 0.167866
VAL, 8, 0.173877
VAL, 8, 0.190176
TRAIN, 9, 0.157767
TRAIN, 9, 0.161058
VAL, 9, 0.162793
VAL, 9, 0.182232
TRAIN, 10, 0.147865
TRAIN, 10, 0.152199
VAL, 10, 0.151815
VAL, 10, 0.174735
TRAIN, 11, 0.141568
TRAIN, 11, 0.148899
VAL, 11, 0.145898
VAL, 11, 0.167208
TRAIN, 12, 0.132835
TRAIN, 12, 0.140538
VAL, 12, 0.134782
VAL, 12, 0.159861
TRAIN, 13, 0.127084
TRAIN, 13, 0.137268
VAL, 13, 0.132515
VAL, 13, 0.155011
TRAIN, 14, 0.121760
TRAIN, 14, 0.132404
VAL, 14, 0.135829
VAL, 14, 0.154108
TRAIN, 15, 0.120621
TRAIN, 15, 0.133301
VAL, 15, 0.113740
VAL, 15, 0.143476
TRAIN, 16, 0.107053
TRAIN, 16, 0.120937
VAL, 16, 0.108312
VAL, 16, 0.140200
TRAIN, 17, 0.106004
TRAIN, 17, 0.120145
VAL, 17, 0.105129
VAL, 17, 0.138082
TRAIN, 18, 0.108501
TRAIN, 18, 0.122253
VAL, 18, 0.103532
VAL, 18, 0.136965
TRAIN, 19, 0.112634
TRAIN, 19, 0.125419
VAL, 19, 0.103328
VAL, 19, 0.132375
TRAIN, 20, 0.108628
TRAIN, 20, 0.121107
VAL, 20, 0.102650
VAL, 20, 0.131055
TRAIN, 21, 0.105050
TRAIN, 21, 0.117771
VAL, 21, 0.100350
VAL, 21, 0.130586
TRAIN, 22, 0.105537
TRAIN, 22, 0.117662
VAL, 22, 0.099539
VAL, 22, 0.128729
TRAIN, 23, 0.102416
TRAIN, 23, 0.114611
VAL, 23, 0.099029
VAL, 23, 0.129822
TRAIN, 24, 0.102047
TRAIN, 24, 0.114291
VAL, 24, 0.097645
VAL, 24, 0.127872
TRAIN, 25, 0.100113
TRAIN, 25, 0.112511
VAL, 25, 0.096825
VAL, 25, 0.126473
TRAIN, 26, 0.099140
TRAIN, 26, 0.111484
VAL, 26, 0.096461
VAL, 26, 0.127053
TRAIN, 27, 0.096919
TRAIN, 27, 0.109448
VAL, 27, 0.095895
VAL, 27, 0.127057
TRAIN, 28, 0.096542
TRAIN, 28, 0.109439
VAL, 28, 0.096293
VAL, 28, 0.128299
TRAIN, 29, 0.096452
TRAIN, 29, 0.109131
VAL, 29, 0.100211
VAL, 29, 0.132594
TRAIN, 30, 0.099593
TRAIN, 30, 0.111225
VAL, 30, 0.099468
VAL, 30, 0.130620
TRAIN, 31, 0.096730
TRAIN, 31, 0.108256
VAL, 31, 0.099381
VAL, 31, 0.130408
TRAIN, 32, 0.094728
TRAIN, 32, 0.106751
VAL, 32, 0.097401
VAL, 32, 0.128741
TRAIN, 33, 0.094299
TRAIN, 33, 0.105330
VAL, 33, 0.100791
VAL, 33, 0.132862
TRAIN, 34, 0.095230
TRAIN, 34, 0.106792
VAL, 34, 0.101439
VAL, 34, 0.132841
TRAIN, 35, 0.097879
TRAIN, 35, 0.108281
VAL, 35, 0.106156
VAL, 35, 0.136369
TRAIN, 36, 0.097122
TRAIN, 36, 0.106666
VAL, 36, 0.103896
VAL, 36, 0.133777
TRAIN, 37, 0.096741
TRAIN, 37, 0.106725
VAL, 37, 0.096061
VAL, 37, 0.125544
TRAIN, 38, 0.098716
TRAIN, 38, 0.107638
VAL, 38, 0.094739
VAL, 38, 0.124562
TRAIN, 39, 0.104660
TRAIN, 39, 0.113099
VAL, 39, 0.087719
VAL, 39, 0.116898
TRAIN, 40, 0.098587
TRAIN, 40, 0.108593
VAL, 40, 0.084748
VAL, 40, 0.112697
TRAIN, 41, 0.092015
TRAIN, 41, 0.102797
VAL, 41, 0.083175
VAL, 41, 0.111462
TRAIN, 42, 0.089234
TRAIN, 42, 0.100587
VAL, 42, 0.082187
VAL, 42, 0.111606
TRAIN, 43, 0.086469
TRAIN, 43, 0.098174
VAL, 43, 0.087646
VAL, 43, 0.117903
TRAIN, 44, 0.086829
TRAIN, 44, 0.098016
VAL, 44, 0.088075
VAL, 44, 0.119516
TRAIN, 45, 0.083490
TRAIN, 45, 0.096084
VAL, 45, 0.082933
VAL, 45, 0.113309
TRAIN, 46, 0.080664
TRAIN, 46, 0.093441
VAL, 46, 0.082013
VAL, 46, 0.108460
TRAIN, 47, 0.077232
TRAIN, 47, 0.088939
VAL, 47, 0.085172
VAL, 47, 0.113700
TRAIN, 48, 0.079308
TRAIN, 48, 0.090623
VAL, 48, 0.089881
VAL, 48, 0.118060
TRAIN, 49, 0.083458
TRAIN, 49, 0.092325
VAL, 49, 0.091770
VAL, 49, 0.119972
TRAIN, 50, 0.082505
TRAIN, 50, 0.091537
VAL, 50, 0.095784
VAL, 50, 0.123731
TRAIN, 51, 0.083083
TRAIN, 51, 0.091474
VAL, 51, 0.095277
VAL, 51, 0.122743
TRAIN, 52, 0.088055
TRAIN, 52, 0.094369
VAL, 52, 0.095191
VAL, 52, 0.123114
TRAIN, 53, 0.086096
TRAIN, 53, 0.094920
VAL, 53, 0.097668
VAL, 53, 0.125658
TRAIN, 54, 0.094558
TRAIN, 54, 0.101829
VAL, 54, 0.085352
VAL, 54, 0.112626
TRAIN, 55, 0.086422
TRAIN, 55, 0.095179
VAL, 55, 0.077259
VAL, 55, 0.103517
TRAIN, 56, 0.079477
TRAIN, 56, 0.089198
VAL, 56, 0.074345
VAL, 56, 0.100272
TRAIN, 57, 0.079086
TRAIN, 57, 0.089159
VAL, 57, 0.074423
VAL, 57, 0.098672
TRAIN, 58, 0.075668
TRAIN, 58, 0.085001
VAL, 58, 0.081125
VAL, 58, 0.104481
TRAIN, 59, 0.076047
TRAIN, 59, 0.084395
VAL, 59, 0.076671
VAL, 59, 0.100774
TRAIN, 60, 0.074804
TRAIN, 60, 0.083669
VAL, 60, 0.082573
VAL, 60, 0.107954
TRAIN, 61, 0.078824
TRAIN, 61, 0.086088
VAL, 61, 0.085586
VAL, 61, 0.110744
TRAIN, 62, 0.079203
TRAIN, 62, 0.086069
VAL, 62, 0.089353
VAL, 62, 0.114804
TRAIN, 63, 0.081861
TRAIN, 63, 0.088959
VAL, 63, 0.091267
VAL, 63, 0.116167
TRAIN, 64, 0.084799
TRAIN, 64, 0.090975
VAL, 64, 0.085074
VAL, 64, 0.108337
TRAIN, 65, 0.079190
TRAIN, 65, 0.086744
VAL, 65, 0.074054
VAL, 65, 0.094914
TRAIN, 66, 0.075587
TRAIN, 66, 0.082682
VAL, 66, 0.069061
VAL, 66, 0.086226
TRAIN, 67, 0.069535
TRAIN, 67, 0.075856
VAL, 67, 0.062800
VAL, 67, 0.076104
TRAIN, 68, 0.065125
TRAIN, 68, 0.069115
VAL, 68, 0.062201
VAL, 68, 0.071332
TRAIN, 69, 0.063945
TRAIN, 69, 0.064485
VAL, 69, 0.074465
VAL, 69, 0.073902
TRAIN, 70, 0.061467
TRAIN, 70, 0.063523
VAL, 70, 0.065321
VAL, 70, 0.068315
TRAIN, 71, 0.058720
TRAIN, 71, 0.060204
VAL, 71, 0.045024
VAL, 71, 0.051061
TRAIN, 72, 0.047279
TRAIN, 72, 0.050765
VAL, 72, 0.048216
VAL, 72, 0.047228
TRAIN, 73, 0.048805
TRAIN, 73, 0.048721
VAL, 73, 0.040250
VAL, 73, 0.043416
TRAIN, 74, 0.044590
TRAIN, 74, 0.046837
VAL, 74, 0.044289
VAL, 74, 0.043216
TRAIN, 75, 0.043685
TRAIN, 75, 0.043391
VAL, 75, 0.042373
VAL, 75, 0.045651
TRAIN, 76, 0.041136
TRAIN, 76, 0.040680
VAL, 76, 0.041660
VAL, 76, 0.037935
TRAIN, 77, 0.042464
TRAIN, 77, 0.041256
VAL, 77, 0.037439
VAL, 77, 0.035336
TRAIN, 78, 0.039874
TRAIN, 78, 0.038249
VAL, 78, 0.038847
VAL, 78, 0.038051
TRAIN, 79, 0.054160
TRAIN, 79, 0.051369
VAL, 79, 0.048355
VAL, 79, 0.051276
TRAIN, 80, 0.042304
TRAIN, 80, 0.039354
VAL, 80, 0.034335
VAL, 80, 0.036554
TRAIN, 81, 0.033412
TRAIN, 81, 0.031186
VAL, 81, 0.034909
VAL, 81, 0.032433
TRAIN, 82, 0.048905
TRAIN, 82, 0.046876
VAL, 82, 0.033837
VAL, 82, 0.032253
TRAIN, 83, 0.039381
TRAIN, 83, 0.035420
VAL, 83, 0.035595
VAL, 83, 0.035283
TRAIN, 84, 0.039397
TRAIN, 84, 0.035392
VAL, 84, 0.038005
VAL, 84, 0.036017
TRAIN, 85, 0.034563
TRAIN, 85, 0.034747
VAL, 85, 0.031020
VAL, 85, 0.028930
TRAIN, 86, 0.046930
TRAIN, 86, 0.040111
VAL, 86, 0.028799
VAL, 86, 0.027806
TRAIN, 87, 0.035684
TRAIN, 87, 0.032664
VAL, 87, 0.029613
VAL, 87, 0.025816
TRAIN, 88, 0.041844
TRAIN, 88, 0.038298
VAL, 88, 0.029929
VAL, 88, 0.028623
TRAIN, 89, 0.031729
TRAIN, 89, 0.026804
VAL, 89, 0.029960
VAL, 89, 0.031322
TRAIN, 90, 0.036048
TRAIN, 90, 0.032932
VAL, 90, 0.032460
VAL, 90, 0.030399
TRAIN, 91, 0.033044
TRAIN, 91, 0.029809
VAL, 91, 0.029353
VAL, 91, 0.025031
TRAIN, 92, 0.039047
TRAIN, 92, 0.034322
VAL, 92, 0.031381
VAL, 92, 0.028717
TRAIN, 93, 0.034696
TRAIN, 93, 0.030407
VAL, 93, 0.033319
VAL, 93, 0.028684
TRAIN, 94, 0.036444
TRAIN, 94, 0.032183
VAL, 94, 0.028319
VAL, 94, 0.023518
TRAIN, 95, 0.032743
TRAIN, 95, 0.030198
VAL, 95, 0.030154
VAL, 95, 0.030105
TRAIN, 96, 0.045794
TRAIN, 96, 0.042482
VAL, 96, 0.027074
VAL, 96, 0.026764
TRAIN, 97, 0.029832
TRAIN, 97, 0.024964
VAL, 97, 0.026636
VAL, 97, 0.022092
TRAIN, 98, 0.031027
TRAIN, 98, 0.027401
VAL, 98, 0.025478
VAL, 98, 0.021018
TRAIN, 99, 0.028454
TRAIN, 99, 0.028031
VAL, 99, 0.028460
VAL, 99, 0.025570
TRAIN, 100, 0.042874
TRAIN, 100, 0.037675
VAL, 100, 0.024446
VAL, 100, 0.024265
TRAIN, 101, 0.025766
TRAIN, 101, 0.023069
VAL, 101, 0.025376
VAL, 101, 0.024607
TRAIN, 102, 0.037041
TRAIN, 102, 0.039157
VAL, 102, 0.032408
VAL, 102, 0.034777
TRAIN, 103, 0.031807
TRAIN, 103, 0.028945
VAL, 103, 0.034901
VAL, 103, 0.041409
TRAIN, 104, 0.027021
TRAIN, 104, 0.025095
VAL, 104, 0.024145
VAL, 104, 0.023312
TRAIN, 105, 0.041417
TRAIN, 105, 0.042028
VAL, 105, 0.030965
VAL, 105, 0.031377
TRAIN, 106, 0.032313
TRAIN, 106, 0.031139
VAL, 106, 0.028688
VAL, 106, 0.034865
TRAIN, 107, 0.043755
TRAIN, 107, 0.043197
VAL, 107, 0.044682
VAL, 107, 0.051927
TRAIN, 108, 0.037190
TRAIN, 108, 0.034843
VAL, 108, 0.028740
VAL, 108, 0.034748
TRAIN, 109, 0.027537
TRAIN, 109, 0.025769
VAL, 109, 0.021226
VAL, 109, 0.018890
TRAIN, 110, 0.042357
TRAIN, 110, 0.042372
VAL, 110, 0.029529
VAL, 110, 0.029825
TRAIN, 111, 0.028862
TRAIN, 111, 0.025868
VAL, 111, 0.023422
VAL, 111, 0.021383
TRAIN, 112, 0.026106
TRAIN, 112, 0.025518
VAL, 112, 0.028030
VAL, 112, 0.026423
TRAIN, 113, 0.037024
TRAIN, 113, 0.032541
VAL, 113, 0.023730
VAL, 113, 0.021109
TRAIN, 114, 0.028960
TRAIN, 114, 0.026201
VAL, 114, 0.025255
VAL, 114, 0.024334
TRAIN, 115, 0.041327
TRAIN, 115, 0.037960
VAL, 115, 0.026639
VAL, 115, 0.028376
TRAIN, 116, 0.025948
TRAIN, 116, 0.022098
VAL, 116, 0.021185
VAL, 116, 0.019403
TRAIN, 117, 0.028616
TRAIN, 117, 0.025480
VAL, 117, 0.023167
VAL, 117, 0.020260
TRAIN, 118, 0.026175
TRAIN, 118, 0.025384
VAL, 118, 0.026842
VAL, 118, 0.026613
TRAIN, 119, 0.036466
TRAIN, 119, 0.033120
VAL, 119, 0.020472
VAL, 119, 0.018299
TRAIN, 120, 0.025028
TRAIN, 120, 0.022767
VAL, 120, 0.031659
VAL, 120, 0.030961
TRAIN, 121, 0.041172
TRAIN, 121, 0.037389
VAL, 121, 0.030003
VAL, 121, 0.033203
TRAIN, 122, 0.027316
TRAIN, 122, 0.023784
VAL, 122, 0.024039
VAL, 122, 0.021896
TRAIN, 123, 0.026808
TRAIN, 123, 0.023167
VAL, 123, 0.024194
VAL, 123, 0.021209
TRAIN, 124, 0.024489
TRAIN, 124, 0.025688
VAL, 124, 0.027989
VAL, 124, 0.028096
TRAIN, 125, 0.039308
TRAIN, 125, 0.035054
VAL, 125, 0.023248
VAL, 125, 0.022731
TRAIN, 126, 0.027690
TRAIN, 126, 0.024267
VAL, 126, 0.026610
VAL, 126, 0.028491
TRAIN, 127, 0.029697
TRAIN, 127, 0.026292
VAL, 127, 0.020270
VAL, 127, 0.018582
TRAIN, 128, 0.025676
TRAIN, 128, 0.025140
VAL, 128, 0.025184
VAL, 128, 0.023813
TRAIN, 129, 0.031695
TRAIN, 129, 0.029223
VAL, 129, 0.027505
VAL, 129, 0.021987
TRAIN, 130, 0.032002
TRAIN, 130, 0.027089
VAL, 130, 0.021538
VAL, 130, 0.020738
TRAIN, 131, 0.036893
TRAIN, 131, 0.033680
VAL, 131, 0.028688
VAL, 131, 0.030715
TRAIN, 132, 0.029202
TRAIN, 132, 0.024888
VAL, 132, 0.025659
VAL, 132, 0.026667
TRAIN, 133, 0.025049
TRAIN, 133, 0.021817
VAL, 133, 0.020503
VAL, 133, 0.023773
TRAIN, 134, 0.022199
TRAIN, 134, 0.021614
VAL, 134, 0.021522
VAL, 134, 0.019346
TRAIN, 135, 0.028607
TRAIN, 135, 0.029850
VAL, 135, 0.027181
VAL, 135, 0.028925
TRAIN, 136, 0.026036
TRAIN, 136, 0.023872
VAL, 136, 0.019175
VAL, 136, 0.017935
TRAIN, 137, 0.024350
TRAIN, 137, 0.021454
VAL, 137, 0.021579
VAL, 137, 0.019640
TRAIN, 138, 0.023345
TRAIN, 138, 0.022919
VAL, 138, 0.020355
VAL, 138, 0.018989
TRAIN, 139, 0.034179
TRAIN, 139, 0.031509
VAL, 139, 0.030605
VAL, 139, 0.034447
TRAIN, 140, 0.026377
TRAIN, 140, 0.025094
VAL, 140, 0.021573
VAL, 140, 0.022658
TRAIN, 141, 0.023510
TRAIN, 141, 0.019829
VAL, 141, 0.019591
VAL, 141, 0.022213
TRAIN, 142, 0.020053
TRAIN, 142, 0.020162
VAL, 142, 0.023717
VAL, 142, 0.024934
TRAIN, 143, 0.034616
TRAIN, 143, 0.034680
VAL, 143, 0.024715
VAL, 143, 0.026452
TRAIN, 144, 0.022331
TRAIN, 144, 0.020959
VAL, 144, 0.021189
VAL, 144, 0.021117
TRAIN, 145, 0.025628
TRAIN, 145, 0.023286
VAL, 145, 0.021876
VAL, 145, 0.019192
TRAIN, 146, 0.019902
TRAIN, 146, 0.018100
VAL, 146, 0.021158
VAL, 146, 0.020022
TRAIN, 147, 0.030269
TRAIN, 147, 0.029356
VAL, 147, 0.029358
VAL, 147, 0.030591
TRAIN, 148, 0.029259
TRAIN, 148, 0.024892
VAL, 148, 0.022604
VAL, 148, 0.024806
TRAIN, 149, 0.025935
TRAIN, 149, 0.022992
VAL, 149, 0.016886
VAL, 149, 0.015666
TRAIN, 150, 0.024145
TRAIN, 150, 0.022976
VAL, 150, 0.024069
VAL, 150, 0.020500
TRAIN, 151, 0.024269
TRAIN, 151, 0.021244
VAL, 151, 0.019490
VAL, 151, 0.017173
TRAIN, 152, 0.022378
TRAIN, 152, 0.021366
VAL, 152, 0.020655
VAL, 152, 0.019011
TRAIN, 153, 0.029609
TRAIN, 153, 0.028275
VAL, 153, 0.028724
VAL, 153, 0.031848
TRAIN, 154, 0.025637
TRAIN, 154, 0.024303
VAL, 154, 0.020771
VAL, 154, 0.021850
TRAIN, 155, 0.021748
TRAIN, 155, 0.018513
VAL, 155, 0.017403
VAL, 155, 0.016500
TRAIN, 156, 0.020038
TRAIN, 156, 0.018379
VAL, 156, 0.017849
VAL, 156, 0.015592
TRAIN, 157, 0.024553
TRAIN, 157, 0.023164
VAL, 157, 0.027281
VAL, 157, 0.028989
TRAIN, 158, 0.023805
TRAIN, 158, 0.025093
VAL, 158, 0.020701
VAL, 158, 0.019648
TRAIN, 159, 0.021049
TRAIN, 159, 0.018640
VAL, 159, 0.018256
VAL, 159, 0.015952
TRAIN, 160, 0.018684
TRAIN, 160, 0.016331
VAL, 160, 0.016341
VAL, 160, 0.016287
TRAIN, 161, 0.026911
TRAIN, 161, 0.028372
VAL, 161, 0.027485
VAL, 161, 0.028204
TRAIN, 162, 0.023254
TRAIN, 162, 0.021508
VAL, 162, 0.017036
VAL, 162, 0.016508
TRAIN, 163, 0.020278
TRAIN, 163, 0.017866
VAL, 163, 0.016943
VAL, 163, 0.015546
TRAIN, 164, 0.023621
TRAIN, 164, 0.024271
VAL, 164, 0.024537
VAL, 164, 0.025207
TRAIN, 165, 0.030480
TRAIN, 165, 0.027937
VAL, 165, 0.023054
VAL, 165, 0.022724
TRAIN, 166, 0.024216
TRAIN, 166, 0.022058
VAL, 166, 0.017586
VAL, 166, 0.018529
TRAIN, 167, 0.027219
TRAIN, 167, 0.023965
VAL, 167, 0.025377
VAL, 167, 0.027909
TRAIN, 168, 0.022357
TRAIN, 168, 0.020742
VAL, 168, 0.021150
VAL, 168, 0.021523
TRAIN, 169, 0.029775
TRAIN, 169, 0.029080
VAL, 169, 0.023167
VAL, 169, 0.021601
TRAIN, 170, 0.024426
TRAIN, 170, 0.022343
VAL, 170, 0.019919
VAL, 170, 0.019661
TRAIN, 171, 0.030264
TRAIN, 171, 0.028014
VAL, 171, 0.020849
VAL, 171, 0.021201
TRAIN, 172, 0.022874
TRAIN, 172, 0.020735
VAL, 172, 0.025839
VAL, 172, 0.026706
TRAIN, 173, 0.032815
TRAIN, 173, 0.031038
VAL, 173, 0.018312
VAL, 173, 0.017755
TRAIN, 174, 0.019159
TRAIN, 174, 0.016190
VAL, 174, 0.019609
VAL, 174, 0.019279
TRAIN, 175, 0.032988
TRAIN, 175, 0.030951
VAL, 175, 0.028057
VAL, 175, 0.032363
TRAIN, 176, 0.027722
TRAIN, 176, 0.024074
VAL, 176, 0.026707
VAL, 176, 0.031497
TRAIN, 177, 0.021545
TRAIN, 177, 0.020187
VAL, 177, 0.020302
VAL, 177, 0.028010
TRAIN, 178, 0.018697
TRAIN, 178, 0.019691
VAL, 178, 0.018367
VAL, 178, 0.016636
TRAIN, 179, 0.023878
TRAIN, 179, 0.025172
VAL, 179, 0.023911
VAL, 179, 0.022780
TRAIN, 180, 0.020748
TRAIN, 180, 0.019181
VAL, 180, 0.020667
VAL, 180, 0.021436
TRAIN, 181, 0.029905
TRAIN, 181, 0.026637
VAL, 181, 0.020083
VAL, 181, 0.020400
TRAIN, 182, 0.020678
TRAIN, 182, 0.018885
VAL, 182, 0.019033
VAL, 182, 0.018927
TRAIN, 183, 0.027593
TRAIN, 183, 0.026385
VAL, 183, 0.022619
VAL, 183, 0.023958
TRAIN, 184, 0.021048
TRAIN, 184, 0.018508
VAL, 184, 0.018414
VAL, 184, 0.016910
TRAIN, 185, 0.024657
TRAIN, 185, 0.023241
VAL, 185, 0.020828
VAL, 185, 0.020789
TRAIN, 186, 0.019910
TRAIN, 186, 0.020191
VAL, 186, 0.018463
VAL, 186, 0.018400
TRAIN, 187, 0.029777
TRAIN, 187, 0.027099
VAL, 187, 0.024455
VAL, 187, 0.026168
TRAIN, 188, 0.021400
TRAIN, 188, 0.019361
VAL, 188, 0.020526
VAL, 188, 0.021053
TRAIN, 189, 0.025570
TRAIN, 189, 0.023523
VAL, 189, 0.019089
VAL, 189, 0.016778
TRAIN, 190, 0.025528
TRAIN, 190, 0.022758
VAL, 190, 0.022497
VAL, 190, 0.023272
TRAIN, 191, 0.038246
TRAIN, 191, 0.035269
VAL, 191, 0.030414
VAL, 191, 0.031799
TRAIN, 192, 0.024177
TRAIN, 192, 0.021709
VAL, 192, 0.020977
VAL, 192, 0.023983
TRAIN, 193, 0.017833
TRAIN, 193, 0.016717
VAL, 193, 0.015660
VAL, 193, 0.015665
TRAIN, 194, 0.023759
TRAIN, 194, 0.023921
VAL, 194, 0.026764
VAL, 194, 0.028634
TRAIN, 195, 0.021435
TRAIN, 195, 0.021356
VAL, 195, 0.020143
VAL, 195, 0.021937
TRAIN, 196, 0.032384
TRAIN, 196, 0.029904
VAL, 196, 0.029174
VAL, 196, 0.028012
TRAIN, 197, 0.024614
TRAIN, 197, 0.021678
VAL, 197, 0.025348
VAL, 197, 0.032132
TRAIN, 198, 0.024497
TRAIN, 198, 0.022728
VAL, 198, 0.018562
VAL, 198, 0.018142
TRAIN, 199, 0.021795
TRAIN, 199, 0.022478
VAL, 199, 0.029347
VAL, 199, 0.030632
TRAIN, 200, 0.031328
TRAIN, 200, 0.029941
VAL, 200, 0.016956
VAL, 200, 0.017373
TRAIN, 201, 0.019052
TRAIN, 201, 0.017299
VAL, 201, 0.016909
VAL, 201, 0.020605
TRAIN, 202, 0.029336
TRAIN, 202, 0.025271
VAL, 202, 0.033781
VAL, 202, 0.038173
TRAIN, 203, 0.023015
TRAIN, 203, 0.021808
VAL, 203, 0.023457
VAL, 203, 0.019893
TRAIN, 204, 0.019310
TRAIN, 204, 0.016746
VAL, 204, 0.015961
VAL, 204, 0.017107
TRAIN, 205, 0.019377
TRAIN, 205, 0.018731
VAL, 205, 0.019825
VAL, 205, 0.019215
TRAIN, 206, 0.020283
TRAIN, 206, 0.019397
VAL, 206, 0.020407
VAL, 206, 0.019861
TRAIN, 207, 0.019737
TRAIN, 207, 0.019163
VAL, 207, 0.022781
VAL, 207, 0.020254
TRAIN, 208, 0.019989
TRAIN, 208, 0.020078
VAL, 208, 0.020591
VAL, 208, 0.020286
TRAIN, 209, 0.018222
TRAIN, 209, 0.018444
VAL, 209, 0.021327
VAL, 209, 0.023560
TRAIN, 210, 0.028728
TRAIN, 210, 0.027488
VAL, 210, 0.018761
VAL, 210, 0.018871
TRAIN, 211, 0.019981
TRAIN, 211, 0.018282
VAL, 211, 0.016546
VAL, 211, 0.016199
TRAIN, 212, 0.023664
TRAIN, 212, 0.021897
VAL, 212, 0.021143
VAL, 212, 0.022026
TRAIN, 213, 0.019978
TRAIN, 213, 0.018328
VAL, 213, 0.019646
VAL, 213, 0.018577
TRAIN, 214, 0.026333
TRAIN, 214, 0.025041
VAL, 214, 0.020139
VAL, 214, 0.018480
TRAIN, 215, 0.020559
TRAIN, 215, 0.018678
VAL, 215, 0.017959
VAL, 215, 0.017655
TRAIN, 216, 0.025808
TRAIN, 216, 0.023372
VAL, 216, 0.019973
VAL, 216, 0.021183
TRAIN, 217, 0.019673
TRAIN, 217, 0.018217
VAL, 217, 0.021107
VAL, 217, 0.022762
TRAIN, 218, 0.029263
TRAIN, 218, 0.027292
VAL, 218, 0.019865
VAL, 218, 0.020839
TRAIN, 219, 0.017728
TRAIN, 219, 0.016125
VAL, 219, 0.019776
VAL, 219, 0.019791
TRAIN, 220, 0.026113
TRAIN, 220, 0.024827
VAL, 220, 0.019585
VAL, 220, 0.018166
TRAIN, 221, 0.020249
TRAIN, 221, 0.018849
VAL, 221, 0.021572
VAL, 221, 0.022666
TRAIN, 222, 0.028596
TRAIN, 222, 0.026371
VAL, 222, 0.023108
VAL, 222, 0.025871
TRAIN, 223, 0.019638
TRAIN, 223, 0.017402
VAL, 223, 0.015745
VAL, 223, 0.014488
TRAIN, 224, 0.021640
TRAIN, 224, 0.020815
VAL, 224, 0.018126
VAL, 224, 0.016159
TRAIN, 225, 0.016594
TRAIN, 225, 0.015529
VAL, 225, 0.021004
VAL, 225, 0.022150
TRAIN, 226, 0.026126
TRAIN, 226, 0.025044
VAL, 226, 0.020672
VAL, 226, 0.021942
TRAIN, 227, 0.019331
TRAIN, 227, 0.018254
VAL, 227, 0.023073
VAL, 227, 0.026161
TRAIN, 228, 0.030164
TRAIN, 228, 0.028415
VAL, 228, 0.020247
VAL, 228, 0.019816
TRAIN, 229, 0.023993
TRAIN, 229, 0.021793
VAL, 229, 0.030185
VAL, 229, 0.040221
TRAIN, 230, 0.023355
TRAIN, 230, 0.022146
VAL, 230, 0.014318
VAL, 230, 0.015674
TRAIN, 231, 0.023803
TRAIN, 231, 0.025618
VAL, 231, 0.026335
VAL, 231, 0.030158
TRAIN, 232, 0.022954
TRAIN, 232, 0.022704
VAL, 232, 0.019836
VAL, 232, 0.019053
TRAIN, 233, 0.017130
TRAIN, 233, 0.016552
VAL, 233, 0.016006
VAL, 233, 0.016208
TRAIN, 234, 0.025169
TRAIN, 234, 0.024454
VAL, 234, 0.022774
VAL, 234, 0.022507
TRAIN, 235, 0.020832
TRAIN, 235, 0.019071
VAL, 235, 0.017474
VAL, 235, 0.017360
TRAIN, 236, 0.025559
TRAIN, 236, 0.023100
VAL, 236, 0.022146
VAL, 236, 0.024823
TRAIN, 237, 0.019440
TRAIN, 237, 0.019829
VAL, 237, 0.021411
VAL, 237, 0.023434
TRAIN, 238, 0.025670
TRAIN, 238, 0.024526
VAL, 238, 0.020333
VAL, 238, 0.021115
TRAIN, 239, 0.022340
TRAIN, 239, 0.019840
VAL, 239, 0.016210
VAL, 239, 0.016790
TRAIN, 240, 0.025036
TRAIN, 240, 0.021632
VAL, 240, 0.017879
VAL, 240, 0.018448
TRAIN, 241, 0.018287
TRAIN, 241, 0.018034
VAL, 241, 0.025112
VAL, 241, 0.026864
TRAIN, 242, 0.026976
TRAIN, 242, 0.026323
VAL, 242, 0.014991
VAL, 242, 0.014024
TRAIN, 243, 0.016487
TRAIN, 243, 0.014578
VAL, 243, 0.015050
VAL, 243, 0.014500
TRAIN, 244, 0.022774
TRAIN, 244, 0.020720
VAL, 244, 0.020534
VAL, 244, 0.023226
TRAIN, 245, 0.019053
TRAIN, 245, 0.019059
VAL, 245, 0.022550
VAL, 245, 0.022386
TRAIN, 246, 0.021654
TRAIN, 246, 0.020980
VAL, 246, 0.018336
VAL, 246, 0.015840
TRAIN, 247, 0.019902
TRAIN, 247, 0.017516
VAL, 247, 0.021207
VAL, 247, 0.022970
TRAIN, 248, 0.031389
TRAIN, 248, 0.029950
VAL, 248, 0.022968
VAL, 248, 0.022917
TRAIN, 249, 0.018908
TRAIN, 249, 0.017456
VAL, 249, 0.019994
VAL, 249, 0.028691
TRAIN, 250, 0.022290
TRAIN, 250, 0.019895
VAL, 250, 0.016123
VAL, 250, 0.016345
TRAIN, 251, 0.021287
TRAIN, 251, 0.018958
VAL, 251, 0.033058
VAL, 251, 0.025868
TRAIN, 252, 0.022803
TRAIN, 252, 0.021246
VAL, 252, 0.017960
VAL, 252, 0.017603
TRAIN, 253, 0.019360
TRAIN, 253, 0.018064
VAL, 253, 0.023389
VAL, 253, 0.023952
TRAIN, 254, 0.019341
TRAIN, 254, 0.017715
VAL, 254, 0.018206
VAL, 254, 0.023691
TRAIN, 255, 0.016160
TRAIN, 255, 0.014850
VAL, 255, 0.013982
VAL, 255, 0.014873
TRAIN, 256, 0.015897
TRAIN, 256, 0.014496
VAL, 256, 0.016530
VAL, 256, 0.017199
TRAIN, 257, 0.016541
TRAIN, 257, 0.015350
VAL, 257, 0.014222
VAL, 257, 0.014982
TRAIN, 258, 0.016513
TRAIN, 258, 0.015644
VAL, 258, 0.014478
VAL, 258, 0.012737
TRAIN, 259, 0.019330
TRAIN, 259, 0.019593
VAL, 259, 0.022033
VAL, 259, 0.022192
TRAIN, 260, 0.019086
TRAIN, 260, 0.020477
VAL, 260, 0.021132
VAL, 260, 0.021518
TRAIN, 261, 0.025362
TRAIN, 261, 0.023651
VAL, 261, 0.016270
VAL, 261, 0.015207
TRAIN, 262, 0.020533
TRAIN, 262, 0.017301
VAL, 262, 0.018544
VAL, 262, 0.019882
TRAIN, 263, 0.030457
TRAIN, 263, 0.028206
VAL, 263, 0.027861
VAL, 263, 0.029408
TRAIN, 264, 0.019920
TRAIN, 264, 0.017849
VAL, 264, 0.022981
VAL, 264, 0.026910
TRAIN, 265, 0.017255
TRAIN, 265, 0.015196
VAL, 265, 0.012997
VAL, 265, 0.017226
TRAIN, 266, 0.013861
TRAIN, 266, 0.013452
VAL, 266, 0.014430
VAL, 266, 0.015716
TRAIN, 267, 0.026200
TRAIN, 267, 0.025270
VAL, 267, 0.022794
VAL, 267, 0.026359
TRAIN, 268, 0.018931
TRAIN, 268, 0.016953
VAL, 268, 0.017981
VAL, 268, 0.016898
TRAIN, 269, 0.022654
TRAIN, 269, 0.021137
VAL, 269, 0.019753
VAL, 269, 0.020784
TRAIN, 270, 0.020342
TRAIN, 270, 0.019642
VAL, 270, 0.025227
VAL, 270, 0.028048
TRAIN, 271, 0.026907
TRAIN, 271, 0.025949
VAL, 271, 0.012726
VAL, 271, 0.011932
TRAIN, 272, 0.014911
TRAIN, 272, 0.013267
VAL, 272, 0.016585
VAL, 272, 0.017358
TRAIN, 273, 0.023139
TRAIN, 273, 0.021883
VAL, 273, 0.018816
VAL, 273, 0.020342
TRAIN, 274, 0.018639
TRAIN, 274, 0.017785
VAL, 274, 0.028598
VAL, 274, 0.031291
TRAIN, 275, 0.025964
TRAIN, 275, 0.025441
VAL, 275, 0.013166
VAL, 275, 0.012601
TRAIN, 276, 0.015870
TRAIN, 276, 0.013386
VAL, 276, 0.015098
VAL, 276, 0.014487
TRAIN, 277, 0.025391
TRAIN, 277, 0.022872
VAL, 277, 0.024660
VAL, 277, 0.030079
TRAIN, 278, 0.019502
TRAIN, 278, 0.017835
VAL, 278, 0.017248
VAL, 278, 0.015006
TRAIN, 279, 0.017346
TRAIN, 279, 0.015287
VAL, 279, 0.012419
VAL, 279, 0.013788
TRAIN, 280, 0.013099
TRAIN, 280, 0.012384
VAL, 280, 0.011599
VAL, 280, 0.012772
TRAIN, 281, 0.024068
TRAIN, 281, 0.021590
VAL, 281, 0.030067
VAL, 281, 0.035026
TRAIN, 282, 0.018727
TRAIN, 282, 0.018213
VAL, 282, 0.016202
VAL, 282, 0.015949
TRAIN, 283, 0.018207
TRAIN, 283, 0.016805
VAL, 283, 0.017808
VAL, 283, 0.017956
TRAIN, 284, 0.015955
TRAIN, 284, 0.016442
VAL, 284, 0.021091
VAL, 284, 0.025262
TRAIN, 285, 0.023895
TRAIN, 285, 0.024070
VAL, 285, 0.021852
VAL, 285, 0.024260
TRAIN, 286, 0.022962
TRAIN, 286, 0.020244
VAL, 286, 0.014574
VAL, 286, 0.015124
TRAIN, 287, 0.019955
TRAIN, 287, 0.017530
VAL, 287, 0.017454
VAL, 287, 0.017463
TRAIN, 288, 0.019623
TRAIN, 288, 0.018461
VAL, 288, 0.022962
VAL, 288, 0.020592
TRAIN, 289, 0.023480
TRAIN, 289, 0.022545
VAL, 289, 0.020829
VAL, 289, 0.023038
TRAIN, 290, 0.017248
TRAIN, 290, 0.016041
VAL, 290, 0.018948
VAL, 290, 0.020269
TRAIN, 291, 0.024253
TRAIN, 291, 0.023337
VAL, 291, 0.016707
VAL, 291, 0.017352
TRAIN, 292, 0.016481
TRAIN, 292, 0.016099
VAL, 292, 0.024328
VAL, 292, 0.029081
TRAIN, 293, 0.030614
TRAIN, 293, 0.029020
VAL, 293, 0.026215
VAL, 293, 0.026439
TRAIN, 294, 0.020022
TRAIN, 294, 0.017475
VAL, 294, 0.021891
VAL, 294, 0.026706
TRAIN, 295, 0.017988
TRAIN, 295, 0.016194
VAL, 295, 0.014459
VAL, 295, 0.019910
TRAIN, 296, 0.013874
TRAIN, 296, 0.013206
VAL, 296, 0.014078
VAL, 296, 0.016100
TRAIN, 297, 0.022460
TRAIN, 297, 0.019295
VAL, 297, 0.021763
VAL, 297, 0.019428
TRAIN, 298, 0.020797
TRAIN, 298, 0.019974
VAL, 298, 0.023927
VAL, 298, 0.019070
TRAIN, 299, 0.019510
TRAIN, 299, 0.017360
VAL, 299, 0.017087
VAL, 299, 0.016726
TRAIN, 300, 0.018423
TRAIN, 300, 0.018777
VAL, 300, 0.025104
VAL, 300, 0.020376
TRAIN, 301, 0.019367
TRAIN, 301, 0.018011
VAL, 301, 0.021423
VAL, 301, 0.024198
TRAIN, 302, 0.018666
TRAIN, 302, 0.019997
VAL, 302, 0.021631
VAL, 302, 0.025168
TRAIN, 303, 0.022895
TRAIN, 303, 0.020790
VAL, 303, 0.013624
VAL, 303, 0.013313
TRAIN, 304, 0.020424
TRAIN, 304, 0.018956
VAL, 304, 0.017004
VAL, 304, 0.017191
TRAIN, 305, 0.027891
TRAIN, 305, 0.026956
VAL, 305, 0.020055
VAL, 305, 0.023161
TRAIN, 306, 0.018044
TRAIN, 306, 0.016684
VAL, 306, 0.022223
VAL, 306, 0.021373
TRAIN, 307, 0.021304
TRAIN, 307, 0.020544
VAL, 307, 0.022930
VAL, 307, 0.026409
TRAIN, 308, 0.019737
TRAIN, 308, 0.017679
VAL, 308, 0.013998
VAL, 308, 0.013101
TRAIN, 309, 0.019690
TRAIN, 309, 0.017413
VAL, 309, 0.018266
VAL, 309, 0.020161
TRAIN, 310, 0.018874
TRAIN, 310, 0.019746
VAL, 310, 0.024023
VAL, 310, 0.026078
TRAIN, 311, 0.020702
TRAIN, 311, 0.021318
VAL, 311, 0.016424
VAL, 311, 0.016447
TRAIN, 312, 0.015547
TRAIN, 312, 0.015284
VAL, 312, 0.014339
VAL, 312, 0.013745
TRAIN, 313, 0.019626
TRAIN, 313, 0.019251
VAL, 313, 0.017366
VAL, 313, 0.016359
TRAIN, 314, 0.018402
TRAIN, 314, 0.016788
VAL, 314, 0.022587
VAL, 314, 0.025240
TRAIN, 315, 0.026438
TRAIN, 315, 0.027081
VAL, 315, 0.012954
VAL, 315, 0.012733
TRAIN, 316, 0.014668
TRAIN, 316, 0.012629
VAL, 316, 0.012251
VAL, 316, 0.010652
TRAIN, 317, 0.016810
TRAIN, 317, 0.014695
VAL, 317, 0.015126
VAL, 317, 0.019545
TRAIN, 318, 0.014433
TRAIN, 318, 0.013480
VAL, 318, 0.018469
VAL, 318, 0.027409
TRAIN, 319, 0.015167
TRAIN, 319, 0.015465
VAL, 319, 0.018111
VAL, 319, 0.025995
TRAIN, 320, 0.016223
TRAIN, 320, 0.015885
VAL, 320, 0.013193
VAL, 320, 0.016750
TRAIN, 321, 0.015685
TRAIN, 321, 0.015174
VAL, 321, 0.017659
VAL, 321, 0.021310
TRAIN, 322, 0.018439
TRAIN, 322, 0.016388
VAL, 322, 0.015565
VAL, 322, 0.014809
TRAIN, 323, 0.016319
TRAIN, 323, 0.015327
VAL, 323, 0.019908
VAL, 323, 0.019279
TRAIN, 324, 0.022014
TRAIN, 324, 0.019969
VAL, 324, 0.021687
VAL, 324, 0.025434
TRAIN, 325, 0.019564
TRAIN, 325, 0.019125
VAL, 325, 0.018758
VAL, 325, 0.019743
TRAIN, 326, 0.022048
TRAIN, 326, 0.021852
VAL, 326, 0.019147
VAL, 326, 0.020004
TRAIN, 327, 0.019390
TRAIN, 327, 0.016366
VAL, 327, 0.018392
VAL, 327, 0.017140
TRAIN, 328, 0.018501
TRAIN, 328, 0.017519
VAL, 328, 0.013026
VAL, 328, 0.011341
TRAIN, 329, 0.013108
TRAIN, 329, 0.012212
VAL, 329, 0.020310
VAL, 329, 0.021189
TRAIN, 330, 0.024690
TRAIN, 330, 0.024061
VAL, 330, 0.019127
VAL, 330, 0.021302
TRAIN, 331, 0.017959
TRAIN, 331, 0.018398
VAL, 331, 0.034406
VAL, 331, 0.041552
TRAIN, 332, 0.027800
TRAIN, 332, 0.028834
VAL, 332, 0.014727
VAL, 332, 0.018844
TRAIN, 333, 0.012351
TRAIN, 333, 0.012419
VAL, 333, 0.012756
VAL, 333, 0.014587
TRAIN, 334, 0.018978
TRAIN, 334, 0.018269
VAL, 334, 0.014688
VAL, 334, 0.014446
TRAIN, 335, 0.013455
TRAIN, 335, 0.012586
VAL, 335, 0.014878
VAL, 335, 0.016068
TRAIN, 336, 0.017967
TRAIN, 336, 0.017774
VAL, 336, 0.022222
VAL, 336, 0.022027
TRAIN, 337, 0.014707
TRAIN, 337, 0.014334
VAL, 337, 0.015821
VAL, 337, 0.015698
TRAIN, 338, 0.018158
TRAIN, 338, 0.018912
VAL, 338, 0.017040
VAL, 338, 0.015417
TRAIN, 339, 0.014735
TRAIN, 339, 0.013459
VAL, 339, 0.012802
VAL, 339, 0.010498
TRAIN, 340, 0.016547
TRAIN, 340, 0.015386
VAL, 340, 0.015917
VAL, 340, 0.014801
TRAIN, 341, 0.019962
TRAIN, 341, 0.018296
VAL, 341, 0.018368
VAL, 341, 0.021501
TRAIN, 342, 0.017567
TRAIN, 342, 0.016111
VAL, 342, 0.015724
VAL, 342, 0.014418
TRAIN, 343, 0.019039
TRAIN, 343, 0.017993
VAL, 343, 0.015091
VAL, 343, 0.013313
TRAIN, 344, 0.017025
TRAIN, 344, 0.015065
VAL, 344, 0.015580
VAL, 344, 0.016887
TRAIN, 345, 0.024180
TRAIN, 345, 0.023118
VAL, 345, 0.026762
VAL, 345, 0.035079
TRAIN, 346, 0.017108
TRAIN, 346, 0.015897
VAL, 346, 0.012828
VAL, 346, 0.012853
TRAIN, 347, 0.016812
TRAIN, 347, 0.016101
VAL, 347, 0.020591
VAL, 347, 0.025924
TRAIN, 348, 0.013687
TRAIN, 348, 0.013561
VAL, 348, 0.013743
VAL, 348, 0.017960
TRAIN, 349, 0.013956
TRAIN, 349, 0.014219
VAL, 349, 0.013302
VAL, 349, 0.017098
TRAIN, 350, 0.014544
TRAIN, 350, 0.014364
VAL, 350, 0.011491
VAL, 350, 0.015247
TRAIN, 351, 0.022022
TRAIN, 351, 0.020327
VAL, 351, 0.019387
VAL, 351, 0.022869
TRAIN, 352, 0.018554
TRAIN, 352, 0.016291
VAL, 352, 0.022046
VAL, 352, 0.018663
TRAIN, 353, 0.017107
TRAIN, 353, 0.015690
VAL, 353, 0.018579
VAL, 353, 0.016978
TRAIN, 354, 0.018851
TRAIN, 354, 0.018067
VAL, 354, 0.028335
VAL, 354, 0.036004
TRAIN, 355, 0.029175
TRAIN, 355, 0.029533
VAL, 355, 0.015085
VAL, 355, 0.015098
TRAIN, 356, 0.014359
TRAIN, 356, 0.014032
VAL, 356, 0.017579
VAL, 356, 0.018606
TRAIN, 357, 0.017770
TRAIN, 357, 0.017532
VAL, 357, 0.016024
VAL, 357, 0.012724
TRAIN, 358, 0.013504
TRAIN, 358, 0.012832
VAL, 358, 0.016743
VAL, 358, 0.016282
TRAIN, 359, 0.018383
TRAIN, 359, 0.017275
VAL, 359, 0.026683
VAL, 359, 0.022833
TRAIN, 360, 0.017916
TRAIN, 360, 0.018037
VAL, 360, 0.018506
VAL, 360, 0.018957
TRAIN, 361, 0.014826
TRAIN, 361, 0.015159
VAL, 361, 0.016531
VAL, 361, 0.015302
TRAIN, 362, 0.017400
TRAIN, 362, 0.017270
VAL, 362, 0.017237
VAL, 362, 0.018015
TRAIN, 363, 0.015424
TRAIN, 363, 0.015799
VAL, 363, 0.022453
VAL, 363, 0.027462
TRAIN, 364, 0.025304
TRAIN, 364, 0.025347
VAL, 364, 0.014204
VAL, 364, 0.014812
TRAIN, 365, 0.014457
TRAIN, 365, 0.013274
VAL, 365, 0.019793
VAL, 365, 0.021784
TRAIN, 366, 0.026102
TRAIN, 366, 0.025070
VAL, 366, 0.020268
VAL, 366, 0.023730
TRAIN, 367, 0.017327
TRAIN, 367, 0.015379
VAL, 367, 0.019607
VAL, 367, 0.018957
TRAIN, 368, 0.020764
TRAIN, 368, 0.020042
VAL, 368, 0.015253
VAL, 368, 0.015171
TRAIN, 369, 0.015438
TRAIN, 369, 0.014542
VAL, 369, 0.022870
VAL, 369, 0.026876
TRAIN, 370, 0.025192
TRAIN, 370, 0.024359
VAL, 370, 0.014976
VAL, 370, 0.015894
TRAIN, 371, 0.015525
TRAIN, 371, 0.014306
VAL, 371, 0.021080
VAL, 371, 0.022508
TRAIN, 372, 0.022398
TRAIN, 372, 0.021801
VAL, 372, 0.013736
VAL, 372, 0.013520
TRAIN, 373, 0.014668
TRAIN, 373, 0.013632
VAL, 373, 0.022694
VAL, 373, 0.027461
TRAIN, 374, 0.029764
TRAIN, 374, 0.029387
VAL, 374, 0.025843
VAL, 374, 0.025306
TRAIN, 375, 0.025065
TRAIN, 375, 0.022193
VAL, 375, 0.029473
VAL, 375, 0.039873
TRAIN, 376, 0.017209
TRAIN, 376, 0.018956
VAL, 376, 0.013516
VAL, 376, 0.016384
TRAIN, 377, 0.017192
TRAIN, 377, 0.016833
VAL, 377, 0.017867
VAL, 377, 0.019008
TRAIN, 378, 0.019770
TRAIN, 378, 0.017912
VAL, 378, 0.018251
VAL, 378, 0.019233
TRAIN, 379, 0.019462
TRAIN, 379, 0.018390
VAL, 379, 0.014834
VAL, 379, 0.014002
TRAIN, 380, 0.019478
TRAIN, 380, 0.016792
VAL, 380, 0.018406
VAL, 380, 0.021011
TRAIN, 381, 0.017051
TRAIN, 381, 0.017042
VAL, 381, 0.022695
VAL, 381, 0.022202
TRAIN, 382, 0.016839
TRAIN, 382, 0.016841
VAL, 382, 0.018896
VAL, 382, 0.021057
TRAIN, 383, 0.015715
TRAIN, 383, 0.015686
VAL, 383, 0.020309
VAL, 383, 0.024623
TRAIN, 384, 0.024396
TRAIN, 384, 0.023073
VAL, 384, 0.012817
VAL, 384, 0.012882
TRAIN, 385, 0.012372
TRAIN, 385, 0.011791
VAL, 385, 0.014507
VAL, 385, 0.013110
TRAIN, 386, 0.019742
TRAIN, 386, 0.019872
VAL, 386, 0.021948
VAL, 386, 0.025965
TRAIN, 387, 0.018112
TRAIN, 387, 0.017251
VAL, 387, 0.020765
VAL, 387, 0.019173
TRAIN, 388, 0.015241
TRAIN, 388, 0.014301
VAL, 388, 0.016202
VAL, 388, 0.014520
TRAIN, 389, 0.015516
TRAIN, 389, 0.014716
VAL, 389, 0.015434
VAL, 389, 0.012160
TRAIN, 390, 0.013841
TRAIN, 390, 0.012340
VAL, 390, 0.010685
VAL, 390, 0.010313
TRAIN, 391, 0.014375
TRAIN, 391, 0.013885
VAL, 391, 0.011032
VAL, 391, 0.013662
TRAIN, 392, 0.020597
TRAIN, 392, 0.018457
VAL, 392, 0.025103
VAL, 392, 0.030190
TRAIN, 393, 0.017577
TRAIN, 393, 0.017835
VAL, 393, 0.018913
VAL, 393, 0.021649
TRAIN, 394, 0.020408
TRAIN, 394, 0.019822
VAL, 394, 0.018895
VAL, 394, 0.021079
TRAIN, 395, 0.015264
TRAIN, 395, 0.014326
VAL, 395, 0.017732
VAL, 395, 0.020009
TRAIN, 396, 0.024716
TRAIN, 396, 0.024546
VAL, 396, 0.016925
VAL, 396, 0.019030
TRAIN, 397, 0.014967
TRAIN, 397, 0.014424
VAL, 397, 0.020090
VAL, 397, 0.023690
TRAIN, 398, 0.025277
TRAIN, 398, 0.025651
VAL, 398, 0.013704
VAL, 398, 0.015003
TRAIN, 399, 0.013222
TRAIN, 399, 0.012049
VAL, 399, 0.016519
VAL, 399, 0.018597
TRAIN, 400, 0.023683
TRAIN, 400, 0.023716
VAL, 400, 0.019999
VAL, 400, 0.023305
TRAIN, 401, 0.017622
TRAIN, 401, 0.014819
VAL, 401, 0.016583
VAL, 401, 0.015229
TRAIN, 402, 0.019535
TRAIN, 402, 0.018491
VAL, 402, 0.014314
VAL, 402, 0.014347
TRAIN, 403, 0.016793
TRAIN, 403, 0.017058
VAL, 403, 0.026245
VAL, 403, 0.030661
TRAIN, 404, 0.024354
TRAIN, 404, 0.024615
VAL, 404, 0.010412
VAL, 404, 0.010479
TRAIN, 405, 0.012601
TRAIN, 405, 0.011355
VAL, 405, 0.015858
VAL, 405, 0.017206
TRAIN, 406, 0.022106
TRAIN, 406, 0.021828
VAL, 406, 0.017708
VAL, 406, 0.017888
TRAIN, 407, 0.017036
TRAIN, 407, 0.014942
VAL, 407, 0.019205
VAL, 407, 0.021165
TRAIN, 408, 0.023477
TRAIN, 408, 0.022397
VAL, 408, 0.013615
VAL, 408, 0.014327
TRAIN, 409, 0.014258
TRAIN, 409, 0.012369
VAL, 409, 0.017096
VAL, 409, 0.017953
TRAIN, 410, 0.024878
TRAIN, 410, 0.025631
VAL, 410, 0.019377
VAL, 410, 0.023432
TRAIN, 411, 0.016028
TRAIN, 411, 0.014883
VAL, 411, 0.011835
VAL, 411, 0.011234
TRAIN, 412, 0.013762
TRAIN, 412, 0.012659
VAL, 412, 0.014823
VAL, 412, 0.012386
TRAIN, 413, 0.018734
TRAIN, 413, 0.017289
VAL, 413, 0.019886
VAL, 413, 0.022906
TRAIN, 414, 0.017565
TRAIN, 414, 0.015905
VAL, 414, 0.023080
VAL, 414, 0.021215
TRAIN, 415, 0.016478
TRAIN, 415, 0.014089
VAL, 415, 0.011454
VAL, 415, 0.010998
TRAIN, 416, 0.017189
TRAIN, 416, 0.019079
VAL, 416, 0.016149
VAL, 416, 0.015238
TRAIN, 417, 0.014255
TRAIN, 417, 0.014706
VAL, 417, 0.019501
VAL, 417, 0.023873
TRAIN, 418, 0.017340
TRAIN, 418, 0.018223
VAL, 418, 0.019893
VAL, 418, 0.022882
TRAIN, 419, 0.014549
TRAIN, 419, 0.015109
VAL, 419, 0.018050
VAL, 419, 0.021235
TRAIN, 420, 0.016886
TRAIN, 420, 0.017187
VAL, 420, 0.017183
VAL, 420, 0.017493
TRAIN, 421, 0.014379
TRAIN, 421, 0.014633
VAL, 421, 0.017157
VAL, 421, 0.018880
TRAIN, 422, 0.023468
TRAIN, 422, 0.023923
VAL, 422, 0.026739
VAL, 422, 0.033097
TRAIN, 423, 0.020546
TRAIN, 423, 0.017983
VAL, 423, 0.017624
VAL, 423, 0.016140
TRAIN, 424, 0.014740
TRAIN, 424, 0.015169
VAL, 424, 0.011218
VAL, 424, 0.012127
TRAIN, 425, 0.011361
TRAIN, 425, 0.010514
VAL, 425, 0.011221
VAL, 425, 0.008959
TRAIN, 426, 0.013070
TRAIN, 426, 0.011486
VAL, 426, 0.015536
VAL, 426, 0.012116
TRAIN, 427, 0.013367
TRAIN, 427, 0.011517
VAL, 427, 0.013195
VAL, 427, 0.015364
TRAIN, 428, 0.011396
TRAIN, 428, 0.011033
VAL, 428, 0.009703
VAL, 428, 0.010574
TRAIN, 429, 0.011582
TRAIN, 429, 0.010867
VAL, 429, 0.008705
VAL, 429, 0.008764
TRAIN, 430, 0.013550
TRAIN, 430, 0.013112
VAL, 430, 0.012472
VAL, 430, 0.012489
TRAIN, 431, 0.021727
TRAIN, 431, 0.019971
VAL, 431, 0.020051
VAL, 431, 0.024970
TRAIN, 432, 0.016751
TRAIN, 432, 0.016534
VAL, 432, 0.011644
VAL, 432, 0.011968
TRAIN, 433, 0.014768
TRAIN, 433, 0.013575
VAL, 433, 0.011506
VAL, 433, 0.012584
TRAIN, 434, 0.010536
TRAIN, 434, 0.009908
VAL, 434, 0.012471
VAL, 434, 0.012230
TRAIN, 435, 0.016010
TRAIN, 435, 0.014662
VAL, 435, 0.016206
VAL, 435, 0.012865
TRAIN, 436, 0.012537
TRAIN, 436, 0.011670
VAL, 436, 0.008952
VAL, 436, 0.008155
TRAIN, 437, 0.016595
TRAIN, 437, 0.016265
VAL, 437, 0.017338
VAL, 437, 0.016408
TRAIN, 438, 0.014137
TRAIN, 438, 0.013464
VAL, 438, 0.016539
VAL, 438, 0.016277
TRAIN, 439, 0.015982
TRAIN, 439, 0.015827
VAL, 439, 0.020627
VAL, 439, 0.020982
TRAIN, 440, 0.018243
TRAIN, 440, 0.018431
VAL, 440, 0.017719
VAL, 440, 0.020464
TRAIN, 441, 0.016092
TRAIN, 441, 0.015735
VAL, 441, 0.015920
VAL, 441, 0.018426
TRAIN, 442, 0.018240
TRAIN, 442, 0.018048
VAL, 442, 0.015833
VAL, 442, 0.015031
TRAIN, 443, 0.013625
TRAIN, 443, 0.013052
VAL, 443, 0.023660
VAL, 443, 0.027743
TRAIN, 444, 0.024605
TRAIN, 444, 0.026140
VAL, 444, 0.016408
VAL, 444, 0.019485
TRAIN, 445, 0.015288
TRAIN, 445, 0.014269
VAL, 445, 0.022681
VAL, 445, 0.029447
TRAIN, 446, 0.024107
TRAIN, 446, 0.024837
VAL, 446, 0.011853
VAL, 446, 0.011542
TRAIN, 447, 0.018692
TRAIN, 447, 0.017126
VAL, 447, 0.019812
VAL, 447, 0.026886
TRAIN, 448, 0.016053
TRAIN, 448, 0.015206
VAL, 448, 0.017104
VAL, 448, 0.025114
TRAIN, 449, 0.014147
TRAIN, 449, 0.015285
VAL, 449, 0.017560
VAL, 449, 0.025198
TRAIN, 450, 0.013472
TRAIN, 450, 0.014070
VAL, 450, 0.016181
VAL, 450, 0.023949
TRAIN, 451, 0.013995
TRAIN, 451, 0.015199
VAL, 451, 0.015604
VAL, 451, 0.022365
TRAIN, 452, 0.013223
TRAIN, 452, 0.013255
VAL, 452, 0.013287
VAL, 452, 0.018833
TRAIN, 453, 0.013123
TRAIN, 453, 0.013041
VAL, 453, 0.017377
VAL, 453, 0.024224
TRAIN, 454, 0.012660
TRAIN, 454, 0.012376
VAL, 454, 0.011470
VAL, 454, 0.012670
TRAIN, 455, 0.009578
TRAIN, 455, 0.008637
VAL, 455, 0.009472
VAL, 455, 0.010461
TRAIN, 456, 0.013121
TRAIN, 456, 0.011350
VAL, 456, 0.015892
VAL, 456, 0.022868
TRAIN, 457, 0.012867
TRAIN, 457, 0.012898
VAL, 457, 0.011855
VAL, 457, 0.016192
TRAIN, 458, 0.011505
TRAIN, 458, 0.010417
VAL, 458, 0.008850
VAL, 458, 0.009622
TRAIN, 459, 0.013487
TRAIN, 459, 0.013194
VAL, 459, 0.014422
VAL, 459, 0.019094
TRAIN, 460, 0.016611
TRAIN, 460, 0.014987
VAL, 460, 0.012610
VAL, 460, 0.014681
TRAIN, 461, 0.012082
TRAIN, 461, 0.012455
VAL, 461, 0.013002
VAL, 461, 0.016056
TRAIN, 462, 0.017591
TRAIN, 462, 0.015123
VAL, 462, 0.013330
VAL, 462, 0.013437
TRAIN, 463, 0.015702
TRAIN, 463, 0.014946
VAL, 463, 0.018831
VAL, 463, 0.023968
TRAIN, 464, 0.014198
TRAIN, 464, 0.014192
VAL, 464, 0.011568
VAL, 464, 0.012729
TRAIN, 465, 0.014383
TRAIN, 465, 0.014611
VAL, 465, 0.021660
VAL, 465, 0.030975
TRAIN, 466, 0.016137
TRAIN, 466, 0.016572
VAL, 466, 0.009263
VAL, 466, 0.010532
TRAIN, 467, 0.012255
TRAIN, 467, 0.012413
VAL, 467, 0.017401
VAL, 467, 0.025340
TRAIN, 468, 0.016807
TRAIN, 468, 0.015478
VAL, 468, 0.012000
VAL, 468, 0.013403
TRAIN, 469, 0.011470
TRAIN, 469, 0.011337
VAL, 469, 0.011197
VAL, 469, 0.015160
TRAIN, 470, 0.013969
TRAIN, 470, 0.013238
VAL, 470, 0.012849
VAL, 470, 0.016464
TRAIN, 471, 0.011387
TRAIN, 471, 0.010992
VAL, 471, 0.019776
VAL, 471, 0.029949
TRAIN, 472, 0.013337
TRAIN, 472, 0.014938
VAL, 472, 0.015441
VAL, 472, 0.022068
TRAIN, 473, 0.013220
TRAIN, 473, 0.014573
VAL, 473, 0.015301
VAL, 473, 0.018883
TRAIN, 474, 0.018389
TRAIN, 474, 0.018572
VAL, 474, 0.018859
VAL, 474, 0.022942
TRAIN, 475, 0.015196
TRAIN, 475, 0.015874
VAL, 475, 0.011865
VAL, 475, 0.014342
TRAIN, 476, 0.017389
TRAIN, 476, 0.016816
VAL, 476, 0.010200
VAL, 476, 0.009294
TRAIN, 477, 0.017805
TRAIN, 477, 0.016053
VAL, 477, 0.016984
VAL, 477, 0.020641
TRAIN, 478, 0.023016
TRAIN, 478, 0.023079
VAL, 478, 0.019229
VAL, 478, 0.024968
TRAIN, 479, 0.015377
TRAIN, 479, 0.014586
VAL, 479, 0.019759
VAL, 479, 0.023181
TRAIN, 480, 0.019199
TRAIN, 480, 0.020183
VAL, 480, 0.014151
VAL, 480, 0.014962
TRAIN, 481, 0.013568
TRAIN, 481, 0.013016
VAL, 481, 0.022184
VAL, 481, 0.029190
TRAIN, 482, 0.024971
TRAIN, 482, 0.024734
VAL, 482, 0.012308
VAL, 482, 0.014698
TRAIN, 483, 0.013654
TRAIN, 483, 0.012822
VAL, 483, 0.021214
VAL, 483, 0.026014
TRAIN, 484, 0.024420
TRAIN, 484, 0.024550
VAL, 484, 0.010974
VAL, 484, 0.010067
TRAIN, 485, 0.013449
TRAIN, 485, 0.013279
VAL, 485, 0.025661
VAL, 485, 0.031795
TRAIN, 486, 0.028171
TRAIN, 486, 0.028334
VAL, 486, 0.026151
VAL, 486, 0.032716
TRAIN, 487, 0.024463
TRAIN, 487, 0.022670
VAL, 487, 0.028475
VAL, 487, 0.039866
TRAIN, 488, 0.023690
TRAIN, 488, 0.024736
VAL, 488, 0.014876
VAL, 488, 0.015163
TRAIN, 489, 0.024950
TRAIN, 489, 0.023695
VAL, 489, 0.025256
VAL, 489, 0.033130
TRAIN, 490, 0.019988
TRAIN, 490, 0.020149
VAL, 490, 0.013735
VAL, 490, 0.014608
TRAIN, 491, 0.010110
TRAIN, 491, 0.009077
VAL, 491, 0.011005
VAL, 491, 0.010706
TRAIN, 492, 0.020916
TRAIN, 492, 0.021160
VAL, 492, 0.020283
VAL, 492, 0.022704
TRAIN, 493, 0.017929
TRAIN, 493, 0.017242
VAL, 493, 0.016177
VAL, 493, 0.014175
TRAIN, 494, 0.012787
TRAIN, 494, 0.011809
VAL, 494, 0.008627
VAL, 494, 0.007912
TRAIN, 495, 0.014341
TRAIN, 495, 0.014515
VAL, 495, 0.014914
VAL, 495, 0.011951
TRAIN, 496, 0.014773
TRAIN, 496, 0.013044
VAL, 496, 0.010961
VAL, 496, 0.009236
TRAIN, 497, 0.015200
TRAIN, 497, 0.014389
VAL, 497, 0.024965
VAL, 497, 0.034313
TRAIN, 498, 0.029859
TRAIN, 498, 0.030698
VAL, 498, 0.028476
VAL, 498, 0.030512
TRAIN, 499, 0.017281
TRAIN, 499, 0.015447
VAL, 499, 0.014828
VAL, 499, 0.015340
TRAIN, 500, 0.012722
TRAIN, 500, 0.010903
VAL, 500, 0.008972
VAL, 500, 0.009899
TRAIN, 501, 0.009719
TRAIN, 501, 0.009035
VAL, 501, 0.008015
VAL, 501, 0.008260
TRAIN, 502, 0.010745
TRAIN, 502, 0.009994
VAL, 502, 0.009270
VAL, 502, 0.010815
TRAIN, 503, 0.012711
TRAIN, 503, 0.012237
VAL, 503, 0.013282
VAL, 503, 0.020131
TRAIN, 504, 0.014093
TRAIN, 504, 0.013171
VAL, 504, 0.013288
VAL, 504, 0.019596
TRAIN, 505, 0.012224
TRAIN, 505, 0.013741
VAL, 505, 0.011027
VAL, 505, 0.012788
TRAIN, 506, 0.011516
TRAIN, 506, 0.010763
VAL, 506, 0.014057
VAL, 506, 0.020188
TRAIN, 507, 0.014428
TRAIN, 507, 0.014774
VAL, 507, 0.010270
VAL, 507, 0.012958
TRAIN, 508, 0.010839
TRAIN, 508, 0.010681
VAL, 508, 0.009475
VAL, 508, 0.012654
TRAIN, 509, 0.015010
TRAIN, 509, 0.013084
VAL, 509, 0.014302
VAL, 509, 0.021861
TRAIN, 510, 0.013197
TRAIN, 510, 0.013986
VAL, 510, 0.013418
VAL, 510, 0.011637
TRAIN, 511, 0.016857
TRAIN, 511, 0.015571
VAL, 511, 0.020064
VAL, 511, 0.025596
TRAIN, 512, 0.014526
TRAIN, 512, 0.015035
VAL, 512, 0.014353
VAL, 512, 0.020991
TRAIN, 513, 0.012263
TRAIN, 513, 0.012160
VAL, 513, 0.020319
VAL, 513, 0.025289
TRAIN, 514, 0.014004
TRAIN, 514, 0.012722
VAL, 514, 0.013478
VAL, 514, 0.014811
TRAIN, 515, 0.011254
TRAIN, 515, 0.011678
VAL, 515, 0.009691
VAL, 515, 0.009284
TRAIN, 516, 0.011318
TRAIN, 516, 0.011093
VAL, 516, 0.015469
VAL, 516, 0.021273
TRAIN, 517, 0.011277
TRAIN, 517, 0.011665
VAL, 517, 0.013305
VAL, 517, 0.017480
TRAIN, 518, 0.010299
TRAIN, 518, 0.010531
VAL, 518, 0.011038
VAL, 518, 0.014814
TRAIN, 519, 0.012134
TRAIN, 519, 0.011469
VAL, 519, 0.026087
VAL, 519, 0.032371
TRAIN, 520, 0.019589
TRAIN, 520, 0.019002
VAL, 520, 0.018867
VAL, 520, 0.024373
TRAIN, 521, 0.025488
TRAIN, 521, 0.027160
VAL, 521, 0.015315
VAL, 521, 0.019481
TRAIN, 522, 0.013680
TRAIN, 522, 0.012447
VAL, 522, 0.018049
VAL, 522, 0.020264
TRAIN, 523, 0.015780
TRAIN, 523, 0.016743
VAL, 523, 0.018868
VAL, 523, 0.019871
TRAIN, 524, 0.015665
TRAIN, 524, 0.016703
VAL, 524, 0.026173
VAL, 524, 0.032305
TRAIN, 525, 0.022007
TRAIN, 525, 0.022444
VAL, 525, 0.013169
VAL, 525, 0.014499
TRAIN, 526, 0.013700
TRAIN, 526, 0.013455
VAL, 526, 0.017980
VAL, 526, 0.020531
TRAIN, 527, 0.022601
TRAIN, 527, 0.022841
VAL, 527, 0.015239
VAL, 527, 0.017337
TRAIN, 528, 0.015041
TRAIN, 528, 0.012940
VAL, 528, 0.018900
VAL, 528, 0.018143
TRAIN, 529, 0.017542
TRAIN, 529, 0.016954
VAL, 529, 0.018057
VAL, 529, 0.020162
TRAIN, 530, 0.016793
TRAIN, 530, 0.015395
VAL, 530, 0.025671
VAL, 530, 0.030025
TRAIN, 531, 0.022701
TRAIN, 531, 0.023024
VAL, 531, 0.013083
VAL, 531, 0.015772
TRAIN, 532, 0.013541
TRAIN, 532, 0.013274
VAL, 532, 0.021983
VAL, 532, 0.028204
TRAIN, 533, 0.021489
TRAIN, 533, 0.021372
VAL, 533, 0.010481
VAL, 533, 0.010309
TRAIN, 534, 0.013461
TRAIN, 534, 0.012952
VAL, 534, 0.033814
VAL, 534, 0.040339
TRAIN, 535, 0.028226
TRAIN, 535, 0.027603
VAL, 535, 0.025930
VAL, 535, 0.024237
TRAIN, 536, 0.015764
TRAIN, 536, 0.015579
VAL, 536, 0.017219
VAL, 536, 0.020047
TRAIN, 537, 0.016421
TRAIN, 537, 0.014306
VAL, 537, 0.009890
VAL, 537, 0.010145
TRAIN, 538, 0.010242
TRAIN, 538, 0.009643
VAL, 538, 0.013353
VAL, 538, 0.012591
TRAIN, 539, 0.018627
TRAIN, 539, 0.016837
VAL, 539, 0.010386
VAL, 539, 0.012644
TRAIN, 540, 0.009502
TRAIN, 540, 0.008792
VAL, 540, 0.007131
VAL, 540, 0.006934
TRAIN, 541, 0.013951
TRAIN, 541, 0.012403
VAL, 541, 0.009585
VAL, 541, 0.008579
TRAIN, 542, 0.011703
TRAIN, 542, 0.011527
VAL, 542, 0.012814
VAL, 542, 0.018106
TRAIN, 543, 0.012483
TRAIN, 543, 0.011733
VAL, 543, 0.013745
VAL, 543, 0.020174
TRAIN, 544, 0.010551
TRAIN, 544, 0.011299
VAL, 544, 0.010352
VAL, 544, 0.011522
TRAIN, 545, 0.013187
TRAIN, 545, 0.011555
VAL, 545, 0.017719
VAL, 545, 0.021571
TRAIN, 546, 0.014426
TRAIN, 546, 0.013575
VAL, 546, 0.009286
VAL, 546, 0.008476
TRAIN, 547, 0.018939
TRAIN, 547, 0.018186
VAL, 547, 0.016726
VAL, 547, 0.016971
TRAIN, 548, 0.020050
TRAIN, 548, 0.018943
VAL, 548, 0.014351
VAL, 548, 0.017505
TRAIN, 549, 0.021795
TRAIN, 549, 0.023395
VAL, 549, 0.017300
VAL, 549, 0.021262
TRAIN, 550, 0.015413
TRAIN, 550, 0.015030
VAL, 550, 0.021319
VAL, 550, 0.020862
TRAIN, 551, 0.016503
TRAIN, 551, 0.016658
VAL, 551, 0.020210
VAL, 551, 0.023284
TRAIN, 552, 0.017110
TRAIN, 552, 0.016175
VAL, 552, 0.018552
VAL, 552, 0.020272
TRAIN, 553, 0.016679
TRAIN, 553, 0.016425
VAL, 553, 0.014390
VAL, 553, 0.014834
TRAIN, 554, 0.015100
TRAIN, 554, 0.013778
VAL, 554, 0.023394
VAL, 554, 0.031587
TRAIN, 555, 0.028270
TRAIN, 555, 0.030085
VAL, 555, 0.021490
VAL, 555, 0.022867
TRAIN, 556, 0.017331
TRAIN, 556, 0.015726
VAL, 556, 0.026847
VAL, 556, 0.038668
TRAIN, 557, 0.017269
TRAIN, 557, 0.019050
VAL, 557, 0.015451
VAL, 557, 0.016802
TRAIN, 558, 0.017840
TRAIN, 558, 0.018278
VAL, 558, 0.016584
VAL, 558, 0.019812
TRAIN, 559, 0.011016
TRAIN, 559, 0.010753
VAL, 559, 0.010384
VAL, 559, 0.012371
TRAIN, 560, 0.008921
TRAIN, 560, 0.008505
VAL, 560, 0.011203
VAL, 560, 0.014429
TRAIN, 561, 0.011809
TRAIN, 561, 0.011152
VAL, 561, 0.018490
VAL, 561, 0.027194
TRAIN, 562, 0.010966
TRAIN, 562, 0.011201
VAL, 562, 0.007668
VAL, 562, 0.009037
TRAIN, 563, 0.012863
TRAIN, 563, 0.013576
VAL, 563, 0.009605
VAL, 563, 0.010170
TRAIN, 564, 0.013731
TRAIN, 564, 0.013492
VAL, 564, 0.014676
VAL, 564, 0.019662
TRAIN, 565, 0.017917
TRAIN, 565, 0.018198
VAL, 565, 0.022136
VAL, 565, 0.028611
TRAIN, 566, 0.016568
TRAIN, 566, 0.017951
VAL, 566, 0.019893
VAL, 566, 0.028759
TRAIN, 567, 0.018010
TRAIN, 567, 0.019178
VAL, 567, 0.017593
VAL, 567, 0.021742
TRAIN, 568, 0.012942
TRAIN, 568, 0.013647
VAL, 568, 0.026651
VAL, 568, 0.032863
TRAIN, 569, 0.026357
TRAIN, 569, 0.028583
VAL, 569, 0.019578
VAL, 569, 0.024796
TRAIN, 570, 0.019912
TRAIN, 570, 0.017836
VAL, 570, 0.014839
VAL, 570, 0.017306
TRAIN, 571, 0.012824
TRAIN, 571, 0.013542
VAL, 571, 0.008474
VAL, 571, 0.008191
TRAIN, 572, 0.013413
TRAIN, 572, 0.012200
VAL, 572, 0.015260
VAL, 572, 0.018247
TRAIN, 573, 0.015717
TRAIN, 573, 0.014318
VAL, 573, 0.009283
VAL, 573, 0.010933
TRAIN, 574, 0.010779
TRAIN, 574, 0.010241
VAL, 574, 0.012896
VAL, 574, 0.013992
TRAIN, 575, 0.015151
TRAIN, 575, 0.014736
VAL, 575, 0.017397
VAL, 575, 0.019985
TRAIN, 576, 0.011224
TRAIN, 576, 0.010470
VAL, 576, 0.011873
VAL, 576, 0.016412
TRAIN, 577, 0.011475
TRAIN, 577, 0.011958
VAL, 577, 0.017245
VAL, 577, 0.026619
TRAIN, 578, 0.014975
TRAIN, 578, 0.015339
VAL, 578, 0.015554
VAL, 578, 0.020553
TRAIN, 579, 0.015111
TRAIN, 579, 0.016524
VAL, 579, 0.020986
VAL, 579, 0.024033
TRAIN, 580, 0.013724
TRAIN, 580, 0.013080
VAL, 580, 0.014945
VAL, 580, 0.018741
TRAIN, 581, 0.011201
TRAIN, 581, 0.012128
VAL, 581, 0.012594
VAL, 581, 0.015448
TRAIN, 582, 0.012484
TRAIN, 582, 0.011584
VAL, 582, 0.021907
VAL, 582, 0.033827
TRAIN, 583, 0.014470
TRAIN, 583, 0.015287
VAL, 583, 0.009078
VAL, 583, 0.008536
TRAIN, 584, 0.014039
TRAIN, 584, 0.013456
VAL, 584, 0.009262
VAL, 584, 0.009487
TRAIN, 585, 0.012898
TRAIN, 585, 0.012127
VAL, 585, 0.022327
VAL, 585, 0.025044
TRAIN, 586, 0.013104
TRAIN, 586, 0.012472
VAL, 586, 0.008776
VAL, 586, 0.008754
TRAIN, 587, 0.009367
TRAIN, 587, 0.008599
VAL, 587, 0.014080
VAL, 587, 0.016250
TRAIN, 588, 0.012697
TRAIN, 588, 0.011627
VAL, 588, 0.011716
VAL, 588, 0.015453
TRAIN, 589, 0.011043
TRAIN, 589, 0.011589
VAL, 589, 0.026085
VAL, 589, 0.032859
TRAIN, 590, 0.015145
TRAIN, 590, 0.014930
VAL, 590, 0.013015
VAL, 590, 0.011497
TRAIN, 591, 0.012246
TRAIN, 591, 0.011368
VAL, 591, 0.010999
VAL, 591, 0.011465
TRAIN, 592, 0.016026
TRAIN, 592, 0.014072
VAL, 592, 0.013691
VAL, 592, 0.019259
TRAIN, 593, 0.014310
TRAIN, 593, 0.014877
VAL, 593, 0.012745
VAL, 593, 0.015334
TRAIN, 594, 0.012686
TRAIN, 594, 0.012439
VAL, 594, 0.010525
VAL, 594, 0.011739
TRAIN, 595, 0.011495
TRAIN, 595, 0.011178
VAL, 595, 0.014327
VAL, 595, 0.019820
TRAIN, 596, 0.014053
TRAIN, 596, 0.012741
VAL, 596, 0.009133
VAL, 596, 0.010896
TRAIN, 597, 0.010837
TRAIN, 597, 0.011294
VAL, 597, 0.010127
VAL, 597, 0.009240
TRAIN, 598, 0.011922
TRAIN, 598, 0.011387
VAL, 598, 0.013005
VAL, 598, 0.016855
TRAIN, 599, 0.012028
TRAIN, 599, 0.011629
VAL, 599, 0.025480
VAL, 599, 0.040442
TRAIN, 600, 0.015783
TRAIN, 600, 0.018099
VAL, 600, 0.016251
VAL, 600, 0.023650
TRAIN, 601, 0.015576
TRAIN, 601, 0.016713
VAL, 601, 0.020832
VAL, 601, 0.028439
TRAIN, 602, 0.013078
TRAIN, 602, 0.013546
VAL, 602, 0.010793
VAL, 602, 0.012312
TRAIN, 603, 0.012127
TRAIN, 603, 0.012165
VAL, 603, 0.013810
VAL, 603, 0.019439
TRAIN, 604, 0.010556
TRAIN, 604, 0.011013
VAL, 604, 0.009724
VAL, 604, 0.014025
TRAIN, 605, 0.010356
TRAIN, 605, 0.010484
VAL, 605, 0.011449
VAL, 605, 0.013597
TRAIN, 606, 0.010279
TRAIN, 606, 0.009804
VAL, 606, 0.015462
VAL, 606, 0.022158
TRAIN, 607, 0.015768
TRAIN, 607, 0.015548
VAL, 607, 0.007765
VAL, 607, 0.008177
TRAIN, 608, 0.012400
TRAIN, 608, 0.012715
VAL, 608, 0.011842
VAL, 608, 0.011127
TRAIN, 609, 0.017864
TRAIN, 609, 0.017234
VAL, 609, 0.014534
VAL, 609, 0.019969
TRAIN, 610, 0.011516
TRAIN, 610, 0.011429
VAL, 610, 0.011356
VAL, 610, 0.012196
TRAIN, 611, 0.019903
TRAIN, 611, 0.022317
VAL, 611, 0.029116
VAL, 611, 0.035153
TRAIN, 612, 0.018151
TRAIN, 612, 0.017384
VAL, 612, 0.015456
VAL, 612, 0.015843
TRAIN, 613, 0.012316
TRAIN, 613, 0.011362
VAL, 613, 0.013361
VAL, 613, 0.014921
TRAIN, 614, 0.016391
TRAIN, 614, 0.018023
VAL, 614, 0.017661
VAL, 614, 0.017647
TRAIN, 615, 0.013129
TRAIN, 615, 0.013045
VAL, 615, 0.016370
VAL, 615, 0.017344
TRAIN, 616, 0.015619
TRAIN, 616, 0.018286
VAL, 616, 0.019348
VAL, 616, 0.021764
TRAIN, 617, 0.015019
TRAIN, 617, 0.016761
VAL, 617, 0.024595
VAL, 617, 0.032650
TRAIN, 618, 0.022467
TRAIN, 618, 0.022367
VAL, 618, 0.008444
VAL, 618, 0.008932
TRAIN, 619, 0.013432
TRAIN, 619, 0.012897
VAL, 619, 0.020992
VAL, 619, 0.024737
TRAIN, 620, 0.024683
TRAIN, 620, 0.023589
VAL, 620, 0.014445
VAL, 620, 0.014852
TRAIN, 621, 0.010809
TRAIN, 621, 0.011133
VAL, 621, 0.018870
VAL, 621, 0.022833
TRAIN, 622, 0.021551
TRAIN, 622, 0.022116
VAL, 622, 0.012136
VAL, 622, 0.013464
TRAIN, 623, 0.009299
TRAIN, 623, 0.008911
VAL, 623, 0.008002
VAL, 623, 0.007905
TRAIN, 624, 0.019612
TRAIN, 624, 0.020271
VAL, 624, 0.021632
VAL, 624, 0.026320
TRAIN, 625, 0.016865
TRAIN, 625, 0.016109
VAL, 625, 0.016555
VAL, 625, 0.018653
TRAIN, 626, 0.013979
TRAIN, 626, 0.014185
VAL, 626, 0.015874
VAL, 626, 0.018571
TRAIN, 627, 0.013260
TRAIN, 627, 0.013594
VAL, 627, 0.012880
VAL, 627, 0.011509
TRAIN, 628, 0.019223
TRAIN, 628, 0.021280
VAL, 628, 0.021391
VAL, 628, 0.024607
TRAIN, 629, 0.017180
TRAIN, 629, 0.015597
VAL, 629, 0.017814
VAL, 629, 0.022276
TRAIN, 630, 0.021273
TRAIN, 630, 0.020604
VAL, 630, 0.011289
VAL, 630, 0.014060
TRAIN, 631, 0.011450
TRAIN, 631, 0.010615
VAL, 631, 0.014448
VAL, 631, 0.017363
TRAIN, 632, 0.021899
TRAIN, 632, 0.024347
VAL, 632, 0.021809
VAL, 632, 0.026840
TRAIN, 633, 0.016215
TRAIN, 633, 0.013886
VAL, 633, 0.010896
VAL, 633, 0.010601
TRAIN, 634, 0.013786
TRAIN, 634, 0.011759
VAL, 634, 0.008258
VAL, 634, 0.009871
TRAIN, 635, 0.008222
TRAIN, 635, 0.007635
VAL, 635, 0.009736
VAL, 635, 0.009720
TRAIN, 636, 0.016908
TRAIN, 636, 0.017409
VAL, 636, 0.021288
VAL, 636, 0.024295
TRAIN, 637, 0.013706
TRAIN, 637, 0.013996
VAL, 637, 0.024463
VAL, 637, 0.031857
TRAIN, 638, 0.019200
TRAIN, 638, 0.021481
VAL, 638, 0.015641
VAL, 638, 0.017399
TRAIN, 639, 0.011284
TRAIN, 639, 0.010740
VAL, 639, 0.011194
VAL, 639, 0.012617
TRAIN, 640, 0.017597
TRAIN, 640, 0.018280
VAL, 640, 0.020091
VAL, 640, 0.023112
TRAIN, 641, 0.014164
TRAIN, 641, 0.013210
VAL, 641, 0.019772
VAL, 641, 0.024669
TRAIN, 642, 0.017929
TRAIN, 642, 0.017706
VAL, 642, 0.015733
VAL, 642, 0.017834
TRAIN, 643, 0.016141
TRAIN, 643, 0.014252
VAL, 643, 0.014360
VAL, 643, 0.017839
TRAIN, 644, 0.019575
TRAIN, 644, 0.019084
VAL, 644, 0.019029
VAL, 644, 0.024039
TRAIN, 645, 0.015187
TRAIN, 645, 0.013924
VAL, 645, 0.022321
VAL, 645, 0.028938
TRAIN, 646, 0.025753
TRAIN, 646, 0.026377
VAL, 646, 0.025730
VAL, 646, 0.027512
TRAIN, 647, 0.015865
TRAIN, 647, 0.014166
VAL, 647, 0.017274
VAL, 647, 0.016473
TRAIN, 648, 0.012496
TRAIN, 648, 0.011965
VAL, 648, 0.011011
VAL, 648, 0.012031
TRAIN, 649, 0.011705
TRAIN, 649, 0.010431
VAL, 649, 0.008810
VAL, 649, 0.008049
TRAIN, 650, 0.015090
TRAIN, 650, 0.014216
VAL, 650, 0.009638
VAL, 650, 0.008600
TRAIN, 651, 0.009445
TRAIN, 651, 0.008719
VAL, 651, 0.008674
VAL, 651, 0.008050
TRAIN, 652, 0.008469
TRAIN, 652, 0.007933
VAL, 652, 0.007421
VAL, 652, 0.007659
TRAIN, 653, 0.012458
TRAIN, 653, 0.012419
VAL, 653, 0.009830
VAL, 653, 0.010166
TRAIN, 654, 0.013821
TRAIN, 654, 0.011784
VAL, 654, 0.009827
VAL, 654, 0.011000
TRAIN, 655, 0.009892
TRAIN, 655, 0.009328
VAL, 655, 0.014998
VAL, 655, 0.017828
TRAIN, 656, 0.009956
TRAIN, 656, 0.009956
VAL, 656, 0.007527
VAL, 656, 0.006750
TRAIN, 657, 0.013781
TRAIN, 657, 0.014327
VAL, 657, 0.013617
VAL, 657, 0.014599
TRAIN, 658, 0.015098
TRAIN, 658, 0.013473
VAL, 658, 0.007526
VAL, 658, 0.006574
TRAIN, 659, 0.009413
TRAIN, 659, 0.009032
VAL, 659, 0.009677
VAL, 659, 0.010627
TRAIN, 660, 0.009364
TRAIN, 660, 0.008807
VAL, 660, 0.007925
VAL, 660, 0.007803
TRAIN, 661, 0.014835
TRAIN, 661, 0.013898
VAL, 661, 0.012659
VAL, 661, 0.015246
TRAIN, 662, 0.009905
TRAIN, 662, 0.010203
VAL, 662, 0.007931
VAL, 662, 0.006286
TRAIN, 663, 0.009716
TRAIN, 663, 0.009545
VAL, 663, 0.008717
VAL, 663, 0.007625
TRAIN, 664, 0.017645
TRAIN, 664, 0.019052
VAL, 664, 0.021625
VAL, 664, 0.024466
TRAIN, 665, 0.015746
TRAIN, 665, 0.014688
VAL, 665, 0.018822
VAL, 665, 0.025311
TRAIN, 666, 0.020580
TRAIN, 666, 0.020495
VAL, 666, 0.009543
VAL, 666, 0.008585
TRAIN, 667, 0.010725
TRAIN, 667, 0.010179
VAL, 667, 0.013637
VAL, 667, 0.014907
TRAIN, 668, 0.022403
TRAIN, 668, 0.024786
VAL, 668, 0.018814
VAL, 668, 0.025263
TRAIN, 669, 0.017388
TRAIN, 669, 0.015003
VAL, 669, 0.012975
VAL, 669, 0.011589
TRAIN, 670, 0.011685
TRAIN, 670, 0.010348
VAL, 670, 0.016129
VAL, 670, 0.023914
TRAIN, 671, 0.011112
TRAIN, 671, 0.011138
VAL, 671, 0.009619
VAL, 671, 0.012596
TRAIN, 672, 0.009192
TRAIN, 672, 0.008523
VAL, 672, 0.011079
VAL, 672, 0.008937
TRAIN, 673, 0.010961
TRAIN, 673, 0.009918
VAL, 673, 0.006457
VAL, 673, 0.006760
TRAIN, 674, 0.009396
TRAIN, 674, 0.009239
VAL, 674, 0.012363
VAL, 674, 0.012497
TRAIN, 675, 0.012830
TRAIN, 675, 0.012284
VAL, 675, 0.016466
VAL, 675, 0.019143
TRAIN, 676, 0.010493
TRAIN, 676, 0.009606
VAL, 676, 0.009513
VAL, 676, 0.011663
TRAIN, 677, 0.008819
TRAIN, 677, 0.007791
VAL, 677, 0.008117
VAL, 677, 0.007297
TRAIN, 678, 0.012542
TRAIN, 678, 0.013134
VAL, 678, 0.006788
VAL, 678, 0.005837
TRAIN, 679, 0.012538
TRAIN, 679, 0.013527
VAL, 679, 0.007901
VAL, 679, 0.007506
TRAIN, 680, 0.018853
TRAIN, 680, 0.019701
VAL, 680, 0.019750
VAL, 680, 0.025100
TRAIN, 681, 0.018187
TRAIN, 681, 0.016791
VAL, 681, 0.014520
VAL, 681, 0.013435
TRAIN, 682, 0.012490
TRAIN, 682, 0.010790
VAL, 682, 0.013012
VAL, 682, 0.015948
TRAIN, 683, 0.009693
TRAIN, 683, 0.010350
VAL, 683, 0.010816
VAL, 683, 0.014406
TRAIN, 684, 0.009493
TRAIN, 684, 0.008687
VAL, 684, 0.008571
VAL, 684, 0.009051
TRAIN, 685, 0.012796
TRAIN, 685, 0.012438
VAL, 685, 0.018527
VAL, 685, 0.023710
TRAIN, 686, 0.011555
TRAIN, 686, 0.011730
VAL, 686, 0.007774
VAL, 686, 0.009489
TRAIN, 687, 0.007079
TRAIN, 687, 0.006418
VAL, 687, 0.007540
VAL, 687, 0.008292
TRAIN, 688, 0.015630
TRAIN, 688, 0.015923
VAL, 688, 0.017734
VAL, 688, 0.020065
TRAIN, 689, 0.010706
TRAIN, 689, 0.010659
VAL, 689, 0.008347
VAL, 689, 0.008373
TRAIN, 690, 0.007568
TRAIN, 690, 0.007010
VAL, 690, 0.006258
VAL, 690, 0.005692
TRAIN, 691, 0.012760
TRAIN, 691, 0.013261
VAL, 691, 0.012652
VAL, 691, 0.011663
TRAIN, 692, 0.012473
TRAIN, 692, 0.011840
VAL, 692, 0.010970
VAL, 692, 0.014455
TRAIN, 693, 0.010584
TRAIN, 693, 0.010450
VAL, 693, 0.014473
VAL, 693, 0.019358
TRAIN, 694, 0.013567
TRAIN, 694, 0.013235
VAL, 694, 0.010992
VAL, 694, 0.013223
TRAIN, 695, 0.014587
TRAIN, 695, 0.015457
VAL, 695, 0.018093
VAL, 695, 0.025544
TRAIN, 696, 0.012136
TRAIN, 696, 0.011964
VAL, 696, 0.015683
VAL, 696, 0.023283
TRAIN, 697, 0.013870
TRAIN, 697, 0.015000
VAL, 697, 0.017042
VAL, 697, 0.024274
TRAIN, 698, 0.012586
TRAIN, 698, 0.012566
VAL, 698, 0.014864
VAL, 698, 0.021545
TRAIN, 699, 0.011607
TRAIN, 699, 0.011972
VAL, 699, 0.015623
VAL, 699, 0.019467
TRAIN, 700, 0.010933
TRAIN, 700, 0.011040
VAL, 700, 0.011508
VAL, 700, 0.016256
TRAIN, 701, 0.012379
TRAIN, 701, 0.011782
VAL, 701, 0.015475
VAL, 701, 0.021476
TRAIN, 702, 0.009821
TRAIN, 702, 0.010072
VAL, 702, 0.008700
VAL, 702, 0.010555
TRAIN, 703, 0.007919
TRAIN, 703, 0.007293
VAL, 703, 0.008641
VAL, 703, 0.008751
TRAIN, 704, 0.018026
TRAIN, 704, 0.020526
VAL, 704, 0.024069
VAL, 704, 0.030371
TRAIN, 705, 0.018304
TRAIN, 705, 0.017871
VAL, 705, 0.019307
VAL, 705, 0.023960
TRAIN, 706, 0.015076
TRAIN, 706, 0.016409
VAL, 706, 0.016530
VAL, 706, 0.019577
TRAIN, 707, 0.013251
TRAIN, 707, 0.012608
VAL, 707, 0.019165
VAL, 707, 0.022946
TRAIN, 708, 0.015393
TRAIN, 708, 0.016663
VAL, 708, 0.020434
VAL, 708, 0.026812
TRAIN, 709, 0.014411
TRAIN, 709, 0.014977
VAL, 709, 0.011711
VAL, 709, 0.012199
TRAIN, 710, 0.013187
TRAIN, 710, 0.013342
VAL, 710, 0.011066
VAL, 710, 0.011737
TRAIN, 711, 0.010104
TRAIN, 711, 0.010107
VAL, 711, 0.006903
VAL, 711, 0.006818
TRAIN, 712, 0.008947
TRAIN, 712, 0.008826
VAL, 712, 0.009717
VAL, 712, 0.012331
TRAIN, 713, 0.013102
TRAIN, 713, 0.013744
VAL, 713, 0.024606
VAL, 713, 0.033523
TRAIN, 714, 0.014856
TRAIN, 714, 0.015241
VAL, 714, 0.010131
VAL, 714, 0.011696
TRAIN, 715, 0.011068
TRAIN, 715, 0.011370
VAL, 715, 0.021612
VAL, 715, 0.031491
TRAIN, 716, 0.014165
TRAIN, 716, 0.014349
VAL, 716, 0.014364
VAL, 716, 0.016023
TRAIN, 717, 0.011757
TRAIN, 717, 0.012030
VAL, 717, 0.017826
VAL, 717, 0.023756
TRAIN, 718, 0.012762
TRAIN, 718, 0.012418
VAL, 718, 0.010656
VAL, 718, 0.014627
TRAIN, 719, 0.009128
TRAIN, 719, 0.009097
VAL, 719, 0.008209
VAL, 719, 0.007847
TRAIN, 720, 0.011268
TRAIN, 720, 0.010162
VAL, 720, 0.008883
VAL, 720, 0.009457
TRAIN, 721, 0.018610
TRAIN, 721, 0.018696
VAL, 721, 0.016260
VAL, 721, 0.017972
TRAIN, 722, 0.018483
TRAIN, 722, 0.017203
VAL, 722, 0.012731
VAL, 722, 0.015933
TRAIN, 723, 0.020688
TRAIN, 723, 0.020997
VAL, 723, 0.015075
VAL, 723, 0.021099
TRAIN, 724, 0.012185
TRAIN, 724, 0.011312
VAL, 724, 0.012917
VAL, 724, 0.014882
TRAIN, 725, 0.018288
TRAIN, 725, 0.020764
VAL, 725, 0.019810
VAL, 725, 0.023157
TRAIN, 726, 0.015336
TRAIN, 726, 0.015221
VAL, 726, 0.024192
VAL, 726, 0.030272
TRAIN, 727, 0.019015
TRAIN, 727, 0.019547
VAL, 727, 0.008555
VAL, 727, 0.006866
TRAIN, 728, 0.014476
TRAIN, 728, 0.013999
VAL, 728, 0.025410
VAL, 728, 0.032335
TRAIN, 729, 0.021340
TRAIN, 729, 0.020421
VAL, 729, 0.008973
VAL, 729, 0.010909
TRAIN, 730, 0.008362
TRAIN, 730, 0.008190
VAL, 730, 0.012688
VAL, 730, 0.012373
TRAIN, 731, 0.016987
TRAIN, 731, 0.017934
VAL, 731, 0.012898
VAL, 731, 0.011959
TRAIN, 732, 0.015089
TRAIN, 732, 0.014239
VAL, 732, 0.026125
VAL, 732, 0.037248
TRAIN, 733, 0.029162
TRAIN, 733, 0.031452
VAL, 733, 0.028649
VAL, 733, 0.030703
TRAIN, 734, 0.023412
TRAIN, 734, 0.020016
VAL, 734, 0.015994
VAL, 734, 0.019279
TRAIN, 735, 0.019205
TRAIN, 735, 0.020840
VAL, 735, 0.019175
VAL, 735, 0.024737
TRAIN, 736, 0.016188
TRAIN, 736, 0.015058
VAL, 736, 0.008953
VAL, 736, 0.009403
TRAIN, 737, 0.011508
TRAIN, 737, 0.012239
VAL, 737, 0.011840
VAL, 737, 0.017742
TRAIN, 738, 0.011850
TRAIN, 738, 0.012574
VAL, 738, 0.015098
VAL, 738, 0.023271
TRAIN, 739, 0.012062
TRAIN, 739, 0.012642
VAL, 739, 0.012093
VAL, 739, 0.016421
TRAIN, 740, 0.008937
TRAIN, 740, 0.009194
VAL, 740, 0.007207
VAL, 740, 0.008842
TRAIN, 741, 0.009244
TRAIN, 741, 0.009348
VAL, 741, 0.007008
VAL, 741, 0.006386
TRAIN, 742, 0.011124
TRAIN, 742, 0.010469
VAL, 742, 0.010360
VAL, 742, 0.011853
TRAIN, 743, 0.015981
TRAIN, 743, 0.014162
VAL, 743, 0.012692
VAL, 743, 0.015958
TRAIN, 744, 0.012218
TRAIN, 744, 0.012793
VAL, 744, 0.013021
VAL, 744, 0.013588
TRAIN, 745, 0.014085
TRAIN, 745, 0.011987
VAL, 745, 0.009652
VAL, 745, 0.011550
TRAIN, 746, 0.010681
TRAIN, 746, 0.011583
VAL, 746, 0.008079
VAL, 746, 0.008172
TRAIN, 747, 0.008821
TRAIN, 747, 0.008599
VAL, 747, 0.008937
VAL, 747, 0.009918
TRAIN, 748, 0.014219
TRAIN, 748, 0.014827
VAL, 748, 0.012046
VAL, 748, 0.014643
TRAIN, 749, 0.012613
TRAIN, 749, 0.012000
VAL, 749, 0.011533
VAL, 749, 0.011719
TRAIN, 750, 0.009031
TRAIN, 750, 0.009059
VAL, 750, 0.012983
VAL, 750, 0.017055
TRAIN, 751, 0.012286
TRAIN, 751, 0.011907
VAL, 751, 0.009103
VAL, 751, 0.007859
TRAIN, 752, 0.009371
TRAIN, 752, 0.009186
VAL, 752, 0.008475
VAL, 752, 0.007950
TRAIN, 753, 0.010083
TRAIN, 753, 0.009128
VAL, 753, 0.010938
VAL, 753, 0.016473
TRAIN, 754, 0.010940
TRAIN, 754, 0.010188
VAL, 754, 0.024872
VAL, 754, 0.034295
TRAIN, 755, 0.016031
TRAIN, 755, 0.017717
VAL, 755, 0.012032
VAL, 755, 0.011137
TRAIN, 756, 0.017490
TRAIN, 756, 0.016633
VAL, 756, 0.014886
VAL, 756, 0.017333
TRAIN, 757, 0.015591
TRAIN, 757, 0.015936
VAL, 757, 0.017471
VAL, 757, 0.017952
TRAIN, 758, 0.019182
TRAIN, 758, 0.019320
VAL, 758, 0.007839
VAL, 758, 0.007831
TRAIN, 759, 0.009874
TRAIN, 759, 0.009389
VAL, 759, 0.010079
VAL, 759, 0.011957
TRAIN, 760, 0.011278
TRAIN, 760, 0.011679
VAL, 760, 0.009688
VAL, 760, 0.009149
TRAIN, 761, 0.014690
TRAIN, 761, 0.015031
VAL, 761, 0.015861
VAL, 761, 0.020571
TRAIN, 762, 0.012349
TRAIN, 762, 0.012646
VAL, 762, 0.014583
VAL, 762, 0.020173
TRAIN, 763, 0.019586
TRAIN, 763, 0.023281
VAL, 763, 0.021670
VAL, 763, 0.028929
TRAIN, 764, 0.014773
TRAIN, 764, 0.014768
VAL, 764, 0.009496
VAL, 764, 0.010644
TRAIN, 765, 0.010681
TRAIN, 765, 0.010933
VAL, 765, 0.010455
VAL, 765, 0.012700
TRAIN, 766, 0.009384
TRAIN, 766, 0.008847
VAL, 766, 0.015573
VAL, 766, 0.021600
TRAIN, 767, 0.011084
TRAIN, 767, 0.012178
VAL, 767, 0.008381
VAL, 767, 0.007990
TRAIN, 768, 0.015273
TRAIN, 768, 0.016682
VAL, 768, 0.014113
VAL, 768, 0.012141
TRAIN, 769, 0.008912
TRAIN, 769, 0.007372
VAL, 769, 0.010337
VAL, 769, 0.015415
TRAIN, 770, 0.011225
TRAIN, 770, 0.011212
VAL, 770, 0.021686
VAL, 770, 0.033545
TRAIN, 771, 0.015603
TRAIN, 771, 0.017195
VAL, 771, 0.017234
VAL, 771, 0.017092
TRAIN, 772, 0.021080
TRAIN, 772, 0.021443
VAL, 772, 0.013434
VAL, 772, 0.015263
TRAIN, 773, 0.016288
TRAIN, 773, 0.013412
VAL, 773, 0.015243
VAL, 773, 0.020783
TRAIN, 774, 0.019155
TRAIN, 774, 0.019481
VAL, 774, 0.011288
VAL, 774, 0.013925
TRAIN, 775, 0.010816
TRAIN, 775, 0.009811
VAL, 775, 0.020702
VAL, 775, 0.028035
TRAIN, 776, 0.021466
TRAIN, 776, 0.022585
VAL, 776, 0.014409
VAL, 776, 0.017126
TRAIN, 777, 0.012202
TRAIN, 777, 0.012931
VAL, 777, 0.020859
VAL, 777, 0.026961
TRAIN, 778, 0.019019
TRAIN, 778, 0.020125
VAL, 778, 0.012283
VAL, 778, 0.014965
TRAIN, 779, 0.014702
TRAIN, 779, 0.012307
VAL, 779, 0.014360
VAL, 779, 0.016693
TRAIN, 780, 0.018626
TRAIN, 780, 0.019209
VAL, 780, 0.014344
VAL, 780, 0.018672
TRAIN, 781, 0.012112
TRAIN, 781, 0.011211
VAL, 781, 0.015400
VAL, 781, 0.015032
TRAIN, 782, 0.013212
TRAIN, 782, 0.014629
VAL, 782, 0.012838
VAL, 782, 0.011031
TRAIN, 783, 0.010718
TRAIN, 783, 0.011607
VAL, 783, 0.008800
VAL, 783, 0.009654
TRAIN, 784, 0.017978
TRAIN, 784, 0.021927
VAL, 784, 0.028113
VAL, 784, 0.038104
TRAIN, 785, 0.018971
TRAIN, 785, 0.022696
VAL, 785, 0.016262
VAL, 785, 0.023112
TRAIN, 786, 0.016322
TRAIN, 786, 0.018330
VAL, 786, 0.008750
VAL, 786, 0.009497
TRAIN, 787, 0.011342
TRAIN, 787, 0.010174
VAL, 787, 0.008173
VAL, 787, 0.006915
TRAIN, 788, 0.011262
TRAIN, 788, 0.010338
VAL, 788, 0.008435
VAL, 788, 0.010053
TRAIN, 789, 0.013230
TRAIN, 789, 0.012217
VAL, 789, 0.011451
VAL, 789, 0.012034
TRAIN, 790, 0.018960
TRAIN, 790, 0.018789
VAL, 790, 0.012135
VAL, 790, 0.013966
TRAIN, 791, 0.015570
TRAIN, 791, 0.012871
VAL, 791, 0.007317
VAL, 791, 0.008338
TRAIN, 792, 0.006814
TRAIN, 792, 0.006498
VAL, 792, 0.006473
VAL, 792, 0.006327
TRAIN, 793, 0.008964
TRAIN, 793, 0.008072
VAL, 793, 0.007908
VAL, 793, 0.006857
TRAIN, 794, 0.014138
TRAIN, 794, 0.013742
VAL, 794, 0.013518
VAL, 794, 0.013609
TRAIN, 795, 0.016654
TRAIN, 795, 0.014609
VAL, 795, 0.019499
VAL, 795, 0.026120
TRAIN, 796, 0.022326
TRAIN, 796, 0.023600
VAL, 796, 0.016362
VAL, 796, 0.019579
TRAIN, 797, 0.012107
TRAIN, 797, 0.011249
VAL, 797, 0.007005
VAL, 797, 0.006724
TRAIN, 798, 0.012919
TRAIN, 798, 0.013061
VAL, 798, 0.016594
VAL, 798, 0.018659
TRAIN, 799, 0.010921
TRAIN, 799, 0.010157
VAL, 799, 0.007868
VAL, 799, 0.008345
TRAIN, 800, 0.011422
TRAIN, 800, 0.011889
VAL, 800, 0.016820
VAL, 800, 0.025543
TRAIN, 801, 0.016104
TRAIN, 801, 0.015932
VAL, 801, 0.014866
VAL, 801, 0.013776
TRAIN, 802, 0.014019
TRAIN, 802, 0.013734
VAL, 802, 0.017043
VAL, 802, 0.016391
TRAIN, 803, 0.012285
TRAIN, 803, 0.011369
VAL, 803, 0.009922
VAL, 803, 0.012836
TRAIN, 804, 0.008671
TRAIN, 804, 0.008991
VAL, 804, 0.008236
VAL, 804, 0.008262
TRAIN, 805, 0.011096
TRAIN, 805, 0.010952
VAL, 805, 0.008046
VAL, 805, 0.010271
TRAIN, 806, 0.011414
TRAIN, 806, 0.010324
VAL, 806, 0.025659
VAL, 806, 0.035666
TRAIN, 807, 0.016603
TRAIN, 807, 0.018334
VAL, 807, 0.014245
VAL, 807, 0.014130
TRAIN, 808, 0.018226
TRAIN, 808, 0.018621
VAL, 808, 0.008526
VAL, 808, 0.007704
TRAIN, 809, 0.014959
TRAIN, 809, 0.013736
VAL, 809, 0.021553
VAL, 809, 0.029854
TRAIN, 810, 0.023054
TRAIN, 810, 0.024905
VAL, 810, 0.011442
VAL, 810, 0.015831
TRAIN, 811, 0.011258
TRAIN, 811, 0.010459
VAL, 811, 0.010847
VAL, 811, 0.010549
TRAIN, 812, 0.015031
TRAIN, 812, 0.017482
VAL, 812, 0.018585
VAL, 812, 0.021577
TRAIN, 813, 0.015921
TRAIN, 813, 0.016044
VAL, 813, 0.024924
VAL, 813, 0.031856
TRAIN, 814, 0.019726
TRAIN, 814, 0.022399
VAL, 814, 0.007916
VAL, 814, 0.008203
TRAIN, 815, 0.010102
TRAIN, 815, 0.009417
VAL, 815, 0.017008
VAL, 815, 0.022539
TRAIN, 816, 0.018734
TRAIN, 816, 0.018663
VAL, 816, 0.011889
VAL, 816, 0.015378
TRAIN, 817, 0.013765
TRAIN, 817, 0.011840
VAL, 817, 0.013597
VAL, 817, 0.017725
TRAIN, 818, 0.018246
TRAIN, 818, 0.018671
VAL, 818, 0.011211
VAL, 818, 0.014185
TRAIN, 819, 0.007854
TRAIN, 819, 0.007714
VAL, 819, 0.016488
VAL, 819, 0.016991
TRAIN, 820, 0.019369
TRAIN, 820, 0.019204
VAL, 820, 0.008901
VAL, 820, 0.009489
TRAIN, 821, 0.018088
TRAIN, 821, 0.016769
VAL, 821, 0.008486
VAL, 821, 0.009704
TRAIN, 822, 0.014972
TRAIN, 822, 0.013624
VAL, 822, 0.013607
VAL, 822, 0.018006
TRAIN, 823, 0.013285
TRAIN, 823, 0.014098
VAL, 823, 0.014013
VAL, 823, 0.015498
TRAIN, 824, 0.019061
TRAIN, 824, 0.019137
VAL, 824, 0.019563
VAL, 824, 0.026232
TRAIN, 825, 0.016295
TRAIN, 825, 0.017376
VAL, 825, 0.018738
VAL, 825, 0.026152
TRAIN, 826, 0.017730
TRAIN, 826, 0.019345
VAL, 826, 0.014534
VAL, 826, 0.016516
TRAIN, 827, 0.013325
TRAIN, 827, 0.011923
VAL, 827, 0.020279
VAL, 827, 0.028484
TRAIN, 828, 0.022012
TRAIN, 828, 0.022901
VAL, 828, 0.014883
VAL, 828, 0.020033
TRAIN, 829, 0.013387
TRAIN, 829, 0.011793
VAL, 829, 0.015194
VAL, 829, 0.013805
TRAIN, 830, 0.011657
TRAIN, 830, 0.010873
VAL, 830, 0.006812
VAL, 830, 0.006291
TRAIN, 831, 0.008074
TRAIN, 831, 0.007929
VAL, 831, 0.007156
VAL, 831, 0.007614
TRAIN, 832, 0.009616
TRAIN, 832, 0.009750
VAL, 832, 0.007195
VAL, 832, 0.008221
TRAIN, 833, 0.011983
TRAIN, 833, 0.011584
VAL, 833, 0.014729
VAL, 833, 0.020274
TRAIN, 834, 0.009997
TRAIN, 834, 0.010154
VAL, 834, 0.012765
VAL, 834, 0.015186
TRAIN, 835, 0.008745
TRAIN, 835, 0.008456
VAL, 835, 0.008162
VAL, 835, 0.007985
TRAIN, 836, 0.008569
TRAIN, 836, 0.007521
VAL, 836, 0.008959
VAL, 836, 0.007058
TRAIN, 837, 0.012671
TRAIN, 837, 0.012698
VAL, 837, 0.013814
VAL, 837, 0.016886
TRAIN, 838, 0.014317
TRAIN, 838, 0.015421
VAL, 838, 0.023888
VAL, 838, 0.028989
TRAIN, 839, 0.014025
TRAIN, 839, 0.014562
VAL, 839, 0.011421
VAL, 839, 0.012674
TRAIN, 840, 0.009863
TRAIN, 840, 0.010365
VAL, 840, 0.009499
VAL, 840, 0.012173
TRAIN, 841, 0.012583
TRAIN, 841, 0.014132
VAL, 841, 0.010901
VAL, 841, 0.011048
TRAIN, 842, 0.013865
TRAIN, 842, 0.016221
VAL, 842, 0.019242
VAL, 842, 0.023759
TRAIN, 843, 0.015776
TRAIN, 843, 0.015538
VAL, 843, 0.017431
VAL, 843, 0.018255
TRAIN, 844, 0.012973
TRAIN, 844, 0.013468
VAL, 844, 0.014820
VAL, 844, 0.017676
TRAIN, 845, 0.014206
TRAIN, 845, 0.014396
VAL, 845, 0.018320
VAL, 845, 0.019022
TRAIN, 846, 0.012183
TRAIN, 846, 0.011934
VAL, 846, 0.012753
VAL, 846, 0.014897
TRAIN, 847, 0.012306
TRAIN, 847, 0.013414
VAL, 847, 0.013034
VAL, 847, 0.014521
TRAIN, 848, 0.011476
TRAIN, 848, 0.010932
VAL, 848, 0.008775
VAL, 848, 0.007444
TRAIN, 849, 0.009863
TRAIN, 849, 0.010284
VAL, 849, 0.011864
VAL, 849, 0.014269
TRAIN, 850, 0.010306
TRAIN, 850, 0.010272
VAL, 850, 0.009718
VAL, 850, 0.014830
TRAIN, 851, 0.010700
TRAIN, 851, 0.010871
VAL, 851, 0.021650
VAL, 851, 0.031025
TRAIN, 852, 0.012949
TRAIN, 852, 0.014912
VAL, 852, 0.012207
VAL, 852, 0.014601
TRAIN, 853, 0.016378
TRAIN, 853, 0.015996
VAL, 853, 0.018027
VAL, 853, 0.025296
TRAIN, 854, 0.013836
TRAIN, 854, 0.015948
VAL, 854, 0.012777
VAL, 854, 0.012425
TRAIN, 855, 0.020487
TRAIN, 855, 0.018739
VAL, 855, 0.015218
VAL, 855, 0.018381
TRAIN, 856, 0.012250
TRAIN, 856, 0.012424
VAL, 856, 0.007634
VAL, 856, 0.006920
TRAIN, 857, 0.011112
TRAIN, 857, 0.011023
VAL, 857, 0.019349
VAL, 857, 0.023797
TRAIN, 858, 0.011553
TRAIN, 858, 0.011915
VAL, 858, 0.008234
VAL, 858, 0.007869
TRAIN, 859, 0.011028
TRAIN, 859, 0.011748
VAL, 859, 0.015213
VAL, 859, 0.017252
TRAIN, 860, 0.011368
TRAIN, 860, 0.011288
VAL, 860, 0.008811
VAL, 860, 0.008522
TRAIN, 861, 0.008513
TRAIN, 861, 0.008347
VAL, 861, 0.007881
VAL, 861, 0.007605
TRAIN, 862, 0.009065
TRAIN, 862, 0.008884
VAL, 862, 0.010788
VAL, 862, 0.009917
TRAIN, 863, 0.015644
TRAIN, 863, 0.014679
VAL, 863, 0.013527
VAL, 863, 0.015111
TRAIN, 864, 0.009743
TRAIN, 864, 0.009781
VAL, 864, 0.007052
VAL, 864, 0.007299
TRAIN, 865, 0.006930
TRAIN, 865, 0.006433
VAL, 865, 0.008894
VAL, 865, 0.009164
TRAIN, 866, 0.010138
TRAIN, 866, 0.009264
VAL, 866, 0.009282
VAL, 866, 0.008060
TRAIN, 867, 0.008668
TRAIN, 867, 0.008110
VAL, 867, 0.012685
VAL, 867, 0.014878
TRAIN, 868, 0.009470
TRAIN, 868, 0.008870
VAL, 868, 0.012157
VAL, 868, 0.011094
TRAIN, 869, 0.009532
TRAIN, 869, 0.008733
VAL, 869, 0.007042
VAL, 869, 0.005637
TRAIN, 870, 0.007702
TRAIN, 870, 0.006815
VAL, 870, 0.013308
VAL, 870, 0.016179
TRAIN, 871, 0.016043
TRAIN, 871, 0.016046
VAL, 871, 0.012308
VAL, 871, 0.011530
TRAIN, 872, 0.013072
TRAIN, 872, 0.011475
VAL, 872, 0.015338
VAL, 872, 0.017837
TRAIN, 873, 0.019661
TRAIN, 873, 0.021503
VAL, 873, 0.023956
VAL, 873, 0.032505
TRAIN, 874, 0.014956
TRAIN, 874, 0.015623
VAL, 874, 0.017067
VAL, 874, 0.023024
TRAIN, 875, 0.012670
TRAIN, 875, 0.013066
VAL, 875, 0.010300
VAL, 875, 0.009298
TRAIN, 876, 0.009796
TRAIN, 876, 0.009924
VAL, 876, 0.006483
VAL, 876, 0.005722
TRAIN, 877, 0.015381
TRAIN, 877, 0.016258
VAL, 877, 0.022522
VAL, 877, 0.031511
TRAIN, 878, 0.015061
TRAIN, 878, 0.014416
VAL, 878, 0.013079
VAL, 878, 0.015631
TRAIN, 879, 0.011345
TRAIN, 879, 0.011511
VAL, 879, 0.015789
VAL, 879, 0.018408
TRAIN, 880, 0.009762
TRAIN, 880, 0.010027
VAL, 880, 0.010102
VAL, 880, 0.010762
TRAIN, 881, 0.009383
TRAIN, 881, 0.009038
VAL, 881, 0.011829
VAL, 881, 0.013332
TRAIN, 882, 0.011367
TRAIN, 882, 0.010114
VAL, 882, 0.011927
VAL, 882, 0.015035
TRAIN, 883, 0.010281
TRAIN, 883, 0.010052
VAL, 883, 0.016735
VAL, 883, 0.016599
TRAIN, 884, 0.013151
TRAIN, 884, 0.012917
VAL, 884, 0.021398
VAL, 884, 0.028651
TRAIN, 885, 0.015909
TRAIN, 885, 0.015743
VAL, 885, 0.011771
VAL, 885, 0.012598
TRAIN, 886, 0.009964
TRAIN, 886, 0.010381
VAL, 886, 0.015622
VAL, 886, 0.016713
TRAIN, 887, 0.013616
TRAIN, 887, 0.014624
VAL, 887, 0.012033
VAL, 887, 0.013321
TRAIN, 888, 0.010295
TRAIN, 888, 0.010039
VAL, 888, 0.007469
VAL, 888, 0.007144
TRAIN, 889, 0.009460
TRAIN, 889, 0.010168
VAL, 889, 0.009536
VAL, 889, 0.008612
TRAIN, 890, 0.012130
TRAIN, 890, 0.011182
VAL, 890, 0.024517
VAL, 890, 0.033430
TRAIN, 891, 0.023559
TRAIN, 891, 0.023660
VAL, 891, 0.026762
VAL, 891, 0.023773
TRAIN, 892, 0.020534
TRAIN, 892, 0.018040
VAL, 892, 0.017833
VAL, 892, 0.022496
TRAIN, 893, 0.017454
TRAIN, 893, 0.019152
VAL, 893, 0.016966
VAL, 893, 0.021880
TRAIN, 894, 0.014279
TRAIN, 894, 0.013381
VAL, 894, 0.018470
VAL, 894, 0.018292
TRAIN, 895, 0.015586
TRAIN, 895, 0.016226
VAL, 895, 0.018510
VAL, 895, 0.023207
TRAIN, 896, 0.013443
TRAIN, 896, 0.012947
VAL, 896, 0.011131
VAL, 896, 0.013395
TRAIN, 897, 0.013765
TRAIN, 897, 0.012966
VAL, 897, 0.010773
VAL, 897, 0.011751
TRAIN, 898, 0.008549
TRAIN, 898, 0.008510
VAL, 898, 0.014203
VAL, 898, 0.016781
TRAIN, 899, 0.011685
TRAIN, 899, 0.011630
VAL, 899, 0.018165
VAL, 899, 0.021446
TRAIN, 900, 0.015834
TRAIN, 900, 0.014947
VAL, 900, 0.023361
VAL, 900, 0.027576
TRAIN, 901, 0.014172
TRAIN, 901, 0.013871
VAL, 901, 0.009042
VAL, 901, 0.008916
TRAIN, 902, 0.009469
TRAIN, 902, 0.009248
VAL, 902, 0.011507
VAL, 902, 0.011535
TRAIN, 903, 0.014181
TRAIN, 903, 0.016628
VAL, 903, 0.012257
VAL, 903, 0.013839
TRAIN, 904, 0.010962
TRAIN, 904, 0.010775
VAL, 904, 0.009893
VAL, 904, 0.007667
TRAIN, 905, 0.010484
TRAIN, 905, 0.009997
VAL, 905, 0.013603
VAL, 905, 0.017285
TRAIN, 906, 0.010306
TRAIN, 906, 0.011286
VAL, 906, 0.005893
VAL, 906, 0.005893
TRAIN, 907, 0.007444
TRAIN, 907, 0.007062
VAL, 907, 0.005259
VAL, 907, 0.005406
TRAIN, 908, 0.008667
TRAIN, 908, 0.008064
VAL, 908, 0.009003
VAL, 908, 0.010023
TRAIN, 909, 0.012912
TRAIN, 909, 0.012855
VAL, 909, 0.014562
VAL, 909, 0.013936
TRAIN, 910, 0.011287
TRAIN, 910, 0.011235
VAL, 910, 0.014321
VAL, 910, 0.016868
TRAIN, 911, 0.013720
TRAIN, 911, 0.013670
VAL, 911, 0.020889
VAL, 911, 0.021929
TRAIN, 912, 0.011226
TRAIN, 912, 0.011390
VAL, 912, 0.011343
VAL, 912, 0.014065
TRAIN, 913, 0.013167
TRAIN, 913, 0.014212
VAL, 913, 0.008913
VAL, 913, 0.009515
TRAIN, 914, 0.011636
TRAIN, 914, 0.010900
VAL, 914, 0.007980
VAL, 914, 0.008844
TRAIN, 915, 0.008559
TRAIN, 915, 0.008570
VAL, 915, 0.009500
VAL, 915, 0.009777
TRAIN, 916, 0.009130
TRAIN, 916, 0.008925
VAL, 916, 0.008991
VAL, 916, 0.008107
TRAIN, 917, 0.009739
TRAIN, 917, 0.009106
VAL, 917, 0.008575
VAL, 917, 0.009272
TRAIN, 918, 0.009982
TRAIN, 918, 0.009301
VAL, 918, 0.019272
VAL, 918, 0.025154
TRAIN, 919, 0.011991
TRAIN, 919, 0.012182
VAL, 919, 0.005240
VAL, 919, 0.004985
TRAIN, 920, 0.006080
TRAIN, 920, 0.005657
VAL, 920, 0.005326
VAL, 920, 0.004873
TRAIN, 921, 0.009830
TRAIN, 921, 0.009491
VAL, 921, 0.006802
VAL, 921, 0.007772
TRAIN, 922, 0.007466
TRAIN, 922, 0.007321
VAL, 922, 0.004870
VAL, 922, 0.004617
TRAIN, 923, 0.009680
TRAIN, 923, 0.009352
VAL, 923, 0.007597
VAL, 923, 0.006817
TRAIN, 924, 0.010148
TRAIN, 924, 0.010600
VAL, 924, 0.006955
VAL, 924, 0.008552
TRAIN, 925, 0.006815
TRAIN, 925, 0.006602
VAL, 925, 0.007461
VAL, 925, 0.006731
TRAIN, 926, 0.014311
TRAIN, 926, 0.016147
VAL, 926, 0.021842
VAL, 926, 0.026662
TRAIN, 927, 0.015758
TRAIN, 927, 0.016260
VAL, 927, 0.023024
VAL, 927, 0.030969
TRAIN, 928, 0.018916
TRAIN, 928, 0.021803
VAL, 928, 0.015758
VAL, 928, 0.021038
TRAIN, 929, 0.013560
TRAIN, 929, 0.014126
VAL, 929, 0.019711
VAL, 929, 0.026757
TRAIN, 930, 0.019466
TRAIN, 930, 0.020289
VAL, 930, 0.012103
VAL, 930, 0.016046
TRAIN, 931, 0.010267
TRAIN, 931, 0.009820
VAL, 931, 0.014253
VAL, 931, 0.016537
TRAIN, 932, 0.014581
TRAIN, 932, 0.016317
VAL, 932, 0.015405
VAL, 932, 0.015250
TRAIN, 933, 0.008947
TRAIN, 933, 0.008922
VAL, 933, 0.009057
VAL, 933, 0.010388
TRAIN, 934, 0.015815
TRAIN, 934, 0.017731
VAL, 934, 0.024756
VAL, 934, 0.031730
TRAIN, 935, 0.015300
TRAIN, 935, 0.016275
VAL, 935, 0.021140
VAL, 935, 0.031622
TRAIN, 936, 0.019649
TRAIN, 936, 0.021166
VAL, 936, 0.012106
VAL, 936, 0.013890
TRAIN, 937, 0.020267
TRAIN, 937, 0.019284
VAL, 937, 0.031174
VAL, 937, 0.048084
TRAIN, 938, 0.024577
TRAIN, 938, 0.027880
VAL, 938, 0.021310
VAL, 938, 0.017761
TRAIN, 939, 0.013847
TRAIN, 939, 0.011650
VAL, 939, 0.013461
VAL, 939, 0.015832
TRAIN, 940, 0.014386
TRAIN, 940, 0.015865
VAL, 940, 0.020784
VAL, 940, 0.023417
TRAIN, 941, 0.012837
TRAIN, 941, 0.012747
VAL, 941, 0.014357
VAL, 941, 0.016620
TRAIN, 942, 0.013837
TRAIN, 942, 0.015879
VAL, 942, 0.022576
VAL, 942, 0.032635
TRAIN, 943, 0.018993
TRAIN, 943, 0.020424
VAL, 943, 0.014969
VAL, 943, 0.019560
TRAIN, 944, 0.014289
TRAIN, 944, 0.014212
VAL, 944, 0.018563
VAL, 944, 0.023788
TRAIN, 945, 0.021582
TRAIN, 945, 0.022627
VAL, 945, 0.015787
VAL, 945, 0.020547
TRAIN, 946, 0.017077
TRAIN, 946, 0.015289
VAL, 946, 0.018909
VAL, 946, 0.027206
TRAIN, 947, 0.012943
TRAIN, 947, 0.015919
VAL, 947, 0.016130
VAL, 947, 0.022526
TRAIN, 948, 0.011510
TRAIN, 948, 0.011504
VAL, 948, 0.014201
VAL, 948, 0.021185
TRAIN, 949, 0.009622
TRAIN, 949, 0.011619
VAL, 949, 0.008901
VAL, 949, 0.011773
TRAIN, 950, 0.007903
TRAIN, 950, 0.007780
VAL, 950, 0.007422
VAL, 950, 0.007827
TRAIN, 951, 0.010507
TRAIN, 951, 0.009989
VAL, 951, 0.012952
VAL, 951, 0.016540
TRAIN, 952, 0.009354
TRAIN, 952, 0.008673
VAL, 952, 0.008441
VAL, 952, 0.009069
TRAIN, 953, 0.009455
TRAIN, 953, 0.009913
VAL, 953, 0.011054
VAL, 953, 0.010762
TRAIN, 954, 0.008147
TRAIN, 954, 0.008517
VAL, 954, 0.006556
VAL, 954, 0.006387
TRAIN, 955, 0.009256
TRAIN, 955, 0.008286
VAL, 955, 0.011395
VAL, 955, 0.013530
TRAIN, 956, 0.008716
TRAIN, 956, 0.008668
VAL, 956, 0.008002
VAL, 956, 0.008678
TRAIN, 957, 0.009574
TRAIN, 957, 0.008785
VAL, 957, 0.012250
VAL, 957, 0.011761
TRAIN, 958, 0.013052
TRAIN, 958, 0.012011
VAL, 958, 0.008816
VAL, 958, 0.011331
TRAIN, 959, 0.008676
TRAIN, 959, 0.008531
VAL, 959, 0.007222
VAL, 959, 0.007152
TRAIN, 960, 0.009265
TRAIN, 960, 0.008577
VAL, 960, 0.009146
VAL, 960, 0.011778
TRAIN, 961, 0.008144
TRAIN, 961, 0.008143
VAL, 961, 0.007932
VAL, 961, 0.008753
TRAIN, 962, 0.012153
TRAIN, 962, 0.014319
VAL, 962, 0.006995
VAL, 962, 0.006093
TRAIN, 963, 0.011786
TRAIN, 963, 0.011995
VAL, 963, 0.007395
VAL, 963, 0.007303
TRAIN, 964, 0.013200
TRAIN, 964, 0.011430
VAL, 964, 0.010747
VAL, 964, 0.010930
TRAIN, 965, 0.015008
TRAIN, 965, 0.018023
VAL, 965, 0.013985
VAL, 965, 0.016431
TRAIN, 966, 0.009599
TRAIN, 966, 0.010042
VAL, 966, 0.005775
VAL, 966, 0.005086
TRAIN, 967, 0.010778
TRAIN, 967, 0.011022
VAL, 967, 0.010226
VAL, 967, 0.011564
TRAIN, 968, 0.009172
TRAIN, 968, 0.008568
VAL, 968, 0.019927
VAL, 968, 0.023412
TRAIN, 969, 0.018546
TRAIN, 969, 0.017625
VAL, 969, 0.010331
VAL, 969, 0.011252
TRAIN, 970, 0.015939
TRAIN, 970, 0.016333
VAL, 970, 0.011333
VAL, 970, 0.012101
TRAIN, 971, 0.014038
TRAIN, 971, 0.011896
VAL, 971, 0.020263
VAL, 971, 0.025328
TRAIN, 972, 0.020504
TRAIN, 972, 0.023549
VAL, 972, 0.014106
VAL, 972, 0.016700
TRAIN, 973, 0.012549
TRAIN, 973, 0.010621
VAL, 973, 0.017331
VAL, 973, 0.022391
TRAIN, 974, 0.014982
TRAIN, 974, 0.016390
VAL, 974, 0.014849
VAL, 974, 0.019256
TRAIN, 975, 0.010450
TRAIN, 975, 0.010006
VAL, 975, 0.009807
VAL, 975, 0.011518
TRAIN, 976, 0.016297
TRAIN, 976, 0.017954
VAL, 976, 0.016178
VAL, 976, 0.020478
TRAIN, 977, 0.012800
TRAIN, 977, 0.011941
VAL, 977, 0.012560
VAL, 977, 0.011019
TRAIN, 978, 0.011266
TRAIN, 978, 0.009680
VAL, 978, 0.008839
VAL, 978, 0.007737
TRAIN, 979, 0.009374
TRAIN, 979, 0.009400
VAL, 979, 0.016029
VAL, 979, 0.021870
TRAIN, 980, 0.017204
TRAIN, 980, 0.017695
VAL, 980, 0.018941
VAL, 980, 0.024871
TRAIN, 981, 0.013503
TRAIN, 981, 0.012386
VAL, 981, 0.015524
VAL, 981, 0.018689
TRAIN, 982, 0.014418
TRAIN, 982, 0.014373
VAL, 982, 0.013444
VAL, 982, 0.015941
TRAIN, 983, 0.009597
TRAIN, 983, 0.009308
VAL, 983, 0.013856
VAL, 983, 0.018417
TRAIN, 984, 0.012113
TRAIN, 984, 0.012825
VAL, 984, 0.009665
VAL, 984, 0.009399
TRAIN, 985, 0.008150
TRAIN, 985, 0.007450
VAL, 985, 0.006578
VAL, 985, 0.008640
TRAIN, 986, 0.008877
TRAIN, 986, 0.008628
VAL, 986, 0.011968
VAL, 986, 0.012921
TRAIN, 987, 0.007218
TRAIN, 987, 0.006806
VAL, 987, 0.008127
VAL, 987, 0.007633
TRAIN, 988, 0.009771
TRAIN, 988, 0.009704
VAL, 988, 0.011203
VAL, 988, 0.015912
TRAIN, 989, 0.010463
TRAIN, 989, 0.010268
VAL, 989, 0.014342
VAL, 989, 0.020697
TRAIN, 990, 0.011670
TRAIN, 990, 0.012303
VAL, 990, 0.008733
VAL, 990, 0.008108
TRAIN, 991, 0.010261
TRAIN, 991, 0.010441
VAL, 991, 0.007065
VAL, 991, 0.007929
TRAIN, 992, 0.011639
TRAIN, 992, 0.011305
VAL, 992, 0.021741
VAL, 992, 0.029518
TRAIN, 993, 0.013360
TRAIN, 993, 0.014649
VAL, 993, 0.013881
VAL, 993, 0.012396
TRAIN, 994, 0.013020
TRAIN, 994, 0.011908
VAL, 994, 0.022944
VAL, 994, 0.031634
TRAIN, 995, 0.012630
TRAIN, 995, 0.015198
VAL, 995, 0.008247
VAL, 995, 0.009509
TRAIN, 996, 0.008062
TRAIN, 996, 0.008225
VAL, 996, 0.014284
VAL, 996, 0.019887
TRAIN, 997, 0.010358
TRAIN, 997, 0.010187
VAL, 997, 0.010912
VAL, 997, 0.014163
TRAIN, 998, 0.009955
TRAIN, 998, 0.010029
VAL, 998, 0.009888
VAL, 998, 0.011063
TRAIN, 999, 0.011371
TRAIN, 999, 0.010931
VAL, 999, 0.007435
VAL, 999, 0.006397
